0 verbose cli /usr/local/bin/node /usr/local/bin/npm
1 info using npm@11.1.0
2 info using node@v22.14.0
3 silly config load:file:/usr/local/lib/node_modules/npm/npmrc
4 silly config load:file:/Users/user/Documents/afrovision/web/.npmrc
5 silly config load:file:/Users/user/.npmrc
6 silly config load:file:/usr/local/etc/npmrc
7 verbose title npm install next@15.2.4 react@19.0.0 react-dom@19.0.0
8 verbose argv "install" "next@15.2.4" "react@19.0.0" "react-dom@19.0.0" "--cache" "./.npm-cache" "--no-progress" "--no-audit" "--no-fund"
9 verbose logfile logs-max:10 dir:/Users/user/Documents/afrovision/web/.npm-cache/_logs/2026-04-01T03_27_40_827Z-
10 verbose logfile /Users/user/Documents/afrovision/web/.npm-cache/_logs/2026-04-01T03_27_40_827Z-debug-0.log
11 silly logfile done cleaning log files
12 silly packumentCache heap:2197815296 maxSize:549453824 maxEntrySize:274726912
13 silly idealTree buildDeps
14 silly fetch manifest next@15.2.4
15 silly packumentCache full:https://registry.npmjs.org/next cache-miss
16 http cache https://registry.npmjs.org/next 2107ms (cache hit)
17 silly packumentCache full:https://registry.npmjs.org/next set size:29867755 disposed:false
18 silly fetch manifest react@19.0.0
19 silly packumentCache full:https://registry.npmjs.org/react cache-miss
20 http cache https://registry.npmjs.org/react 594ms (cache hit)
21 silly packumentCache full:https://registry.npmjs.org/react set size:6577106 disposed:false
22 silly fetch manifest react-dom@19.0.0
23 silly packumentCache full:https://registry.npmjs.org/react-dom cache-miss
24 http cache https://registry.npmjs.org/react-dom 501ms (cache hit)
25 silly packumentCache full:https://registry.npmjs.org/react-dom set size:8742618 disposed:false
26 silly fetch manifest eslint@9.22.0
27 silly packumentCache full:https://registry.npmjs.org/eslint cache-miss
28 http cache https://registry.npmjs.org/eslint 76ms (cache hit)
29 silly packumentCache full:https://registry.npmjs.org/eslint set size:1970137 disposed:false
30 silly fetch manifest eslint-config-next@15.2.4
31 silly packumentCache full:https://registry.npmjs.org/eslint-config-next cache-miss
32 http cache https://registry.npmjs.org/eslint-config-next 389ms (cache hit)
33 silly packumentCache full:https://registry.npmjs.org/eslint-config-next set size:6514561 disposed:false
34 silly placeDep ROOT eslint@9.22.0 REPLACE for: afrovision-admin@0.1.0 want: 9.22.0
35 silly placeDep ROOT eslint-config-next@15.2.4 REPLACE for: afrovision-admin@0.1.0 want: 15.2.4
36 silly placeDep ROOT next@15.2.4 REPLACE for: afrovision-admin@0.1.0 want: 15.2.4
37 silly placeDep ROOT react@19.0.0 REPLACE for: afrovision-admin@0.1.0 want: 19.0.0
38 silly placeDep ROOT react-dom@19.0.0 REPLACE for: afrovision-admin@0.1.0 want: 19.0.0
39 silly fetch manifest ajv@^6.12.4
40 silly packumentCache full:https://registry.npmjs.org/ajv cache-miss
41 silly fetch manifest chalk@^4.0.0
42 silly packumentCache full:https://registry.npmjs.org/chalk cache-miss
43 silly fetch manifest debug@^4.3.2
44 silly packumentCache full:https://registry.npmjs.org/debug cache-miss
45 http cache https://registry.npmjs.org/chalk 18ms (cache hit)
46 silly packumentCache full:https://registry.npmjs.org/chalk set size:117861 disposed:false
47 silly fetch manifest espree@^10.3.0
48 silly packumentCache full:https://registry.npmjs.org/espree cache-miss
49 http cache https://registry.npmjs.org/ajv 337ms (cache hit)
50 silly packumentCache full:https://registry.npmjs.org/ajv set size:1120197 disposed:false
51 silly fetch manifest ignore@^5.2.0
52 silly packumentCache full:https://registry.npmjs.org/ignore cache-miss
53 http cache https://registry.npmjs.org/debug 755ms (cache hit)
54 silly packumentCache full:https://registry.npmjs.org/debug set size:195840 disposed:false
55 silly fetch manifest esquery@^1.5.0
56 silly packumentCache full:https://registry.npmjs.org/esquery cache-miss
57 http cache https://registry.npmjs.org/espree 737ms (cache hit)
58 silly packumentCache full:https://registry.npmjs.org/espree set size:326080 disposed:false
59 silly fetch manifest esutils@^2.0.2
60 silly packumentCache full:https://registry.npmjs.org/esutils cache-miss
61 http cache https://registry.npmjs.org/esquery 92ms (cache hit)
62 silly packumentCache full:https://registry.npmjs.org/esquery set size:48888 disposed:false
63 silly fetch manifest find-up@^5.0.0
64 silly packumentCache full:https://registry.npmjs.org/find-up cache-miss
65 http cache https://registry.npmjs.org/ignore 715ms (cache hit)
66 silly packumentCache full:https://registry.npmjs.org/ignore set size:237380 disposed:false
67 silly fetch manifest is-glob@^4.0.0
68 silly packumentCache full:https://registry.npmjs.org/is-glob cache-miss
69 http cache https://registry.npmjs.org/esutils 536ms (cache hit)
70 silly packumentCache full:https://registry.npmjs.org/esutils set size:29522 disposed:false
71 silly fetch manifest minimatch@^3.1.2
72 silly packumentCache full:https://registry.npmjs.org/minimatch cache-miss
73 http cache https://registry.npmjs.org/find-up 697ms (cache hit)
74 silly packumentCache full:https://registry.npmjs.org/find-up set size:42620 disposed:false
75 silly fetch manifest @eslint/js@9.22.0
76 silly packumentCache full:https://registry.npmjs.org/@eslint%2fjs cache-miss
77 http cache https://registry.npmjs.org/is-glob 250ms (cache hit)
78 silly packumentCache full:https://registry.npmjs.org/is-glob set size:40530 disposed:false
79 silly fetch manifest optionator@^0.9.3
80 silly packumentCache full:https://registry.npmjs.org/optionator cache-miss
81 http cache https://registry.npmjs.org/minimatch 118ms (cache hit)
82 silly packumentCache full:https://registry.npmjs.org/minimatch set size:375282 disposed:false
83 silly fetch manifest cross-spawn@^7.0.6
84 silly packumentCache full:https://registry.npmjs.org/cross-spawn cache-miss
85 http cache https://registry.npmjs.org/@eslint%2fjs 507ms (cache hit)
86 silly packumentCache full:https://registry.npmjs.org/@eslint%2fjs set size:140022 disposed:false
87 silly fetch manifest glob-parent@^6.0.2
88 silly packumentCache full:https://registry.npmjs.org/glob-parent cache-miss
89 http cache https://registry.npmjs.org/optionator 485ms (cache hit)
90 silly packumentCache full:https://registry.npmjs.org/optionator set size:49651 disposed:false
91 silly fetch manifest imurmurhash@^0.1.4
92 silly packumentCache full:https://registry.npmjs.org/imurmurhash cache-miss
93 http cache https://registry.npmjs.org/cross-spawn 309ms (cache hit)
94 silly packumentCache full:https://registry.npmjs.org/cross-spawn set size:109066 disposed:false
95 silly fetch manifest @eslint/core@^0.12.0
96 silly packumentCache full:https://registry.npmjs.org/@eslint%2fcore cache-miss
97 http cache https://registry.npmjs.org/imurmurhash 372ms (cache hit)
98 silly packumentCache full:https://registry.npmjs.org/imurmurhash set size:35819 disposed:false
99 silly fetch manifest eslint-scope@^8.3.0
100 silly packumentCache full:https://registry.npmjs.org/eslint-scope cache-miss
101 http cache https://registry.npmjs.org/glob-parent 381ms (cache hit)
102 silly packumentCache full:https://registry.npmjs.org/glob-parent set size:42445 disposed:false
103 silly fetch manifest lodash.merge@^4.6.2
104 silly packumentCache full:https://registry.npmjs.org/lodash.merge cache-miss
105 http cache https://registry.npmjs.org/@eslint%2fcore 27ms (cache hit)
106 silly packumentCache full:https://registry.npmjs.org/@eslint%2fcore set size:53420 disposed:false
107 silly fetch manifest @humanfs/node@^0.16.6
108 silly packumentCache full:https://registry.npmjs.org/@humanfs%2fnode cache-miss
109 http cache https://registry.npmjs.org/eslint-scope 586ms (cache hit)
110 silly packumentCache full:https://registry.npmjs.org/eslint-scope set size:98867 disposed:false
111 silly fetch manifest @types/estree@^1.0.6
112 silly packumentCache full:https://registry.npmjs.org/@types%2festree cache-miss
113 http cache https://registry.npmjs.org/lodash.merge 588ms (cache hit)
114 silly packumentCache full:https://registry.npmjs.org/lodash.merge set size:78575 disposed:false
115 silly fetch manifest fast-deep-equal@^3.1.3
116 silly packumentCache full:https://registry.npmjs.org/fast-deep-equal cache-miss
117 http cache https://registry.npmjs.org/@humanfs%2fnode 725ms (cache hit)
118 silly packumentCache full:https://registry.npmjs.org/@humanfs%2fnode set size:37704 disposed:false
119 silly fetch manifest natural-compare@^1.4.0
120 silly packumentCache full:https://registry.npmjs.org/natural-compare cache-miss
121 http cache https://registry.npmjs.org/fast-deep-equal 249ms (cache hit)
122 silly packumentCache full:https://registry.npmjs.org/fast-deep-equal set size:48634 disposed:false
123 silly fetch manifest @eslint/eslintrc@^3.3.0
124 silly packumentCache full:https://registry.npmjs.org/@eslint%2feslintrc cache-miss
125 http cache https://registry.npmjs.org/@types%2festree 387ms (cache hit)
126 silly packumentCache full:https://registry.npmjs.org/@types%2festree set size:74091 disposed:false
127 silly fetch manifest file-entry-cache@^8.0.0
128 silly packumentCache full:https://registry.npmjs.org/file-entry-cache cache-miss
129 http cache https://registry.npmjs.org/natural-compare 22ms (cache hit)
130 silly packumentCache full:https://registry.npmjs.org/natural-compare set size:7852 disposed:false
131 silly fetch manifest @eslint/plugin-kit@^0.2.7
132 silly packumentCache full:https://registry.npmjs.org/@eslint%2fplugin-kit cache-miss
133 http cache https://registry.npmjs.org/@eslint%2feslintrc 15ms (cache hit)
134 silly packumentCache full:https://registry.npmjs.org/@eslint%2feslintrc set size:168674 disposed:false
135 silly fetch manifest @types/json-schema@^7.0.15
136 silly packumentCache full:https://registry.npmjs.org/@types%2fjson-schema cache-miss
137 http cache https://registry.npmjs.org/file-entry-cache 18ms (cache hit)
138 silly packumentCache full:https://registry.npmjs.org/file-entry-cache set size:151480 disposed:false
139 silly fetch manifest eslint-visitor-keys@^4.2.0
140 silly packumentCache full:https://registry.npmjs.org/eslint-visitor-keys cache-miss
141 http cache https://registry.npmjs.org/@types%2fjson-schema 20ms (cache hit)
142 silly packumentCache full:https://registry.npmjs.org/@types%2fjson-schema set size:44704 disposed:false
143 silly fetch manifest @eslint/config-array@^0.19.2
144 silly packumentCache full:https://registry.npmjs.org/@eslint%2fconfig-array cache-miss
145 http cache https://registry.npmjs.org/eslint-visitor-keys 17ms (cache hit)
146 silly packumentCache full:https://registry.npmjs.org/eslint-visitor-keys set size:69949 disposed:false
147 silly fetch manifest @humanwhocodes/retry@^0.4.2
148 silly packumentCache full:https://registry.npmjs.org/@humanwhocodes%2fretry cache-miss
149 http cache https://registry.npmjs.org/@eslint%2fplugin-kit 38ms (cache hit)
150 silly packumentCache full:https://registry.npmjs.org/@eslint%2fplugin-kit set size:67672 disposed:false
151 silly fetch manifest escape-string-regexp@^4.0.0
152 silly packumentCache full:https://registry.npmjs.org/escape-string-regexp cache-miss
153 http cache https://registry.npmjs.org/@eslint%2fconfig-array 22ms (cache hit)
154 silly packumentCache full:https://registry.npmjs.org/@eslint%2fconfig-array set size:68166 disposed:false
155 silly fetch manifest @eslint/config-helpers@^0.1.0
156 silly packumentCache full:https://registry.npmjs.org/@eslint%2fconfig-helpers cache-miss
157 http cache https://registry.npmjs.org/@humanwhocodes%2fretry 438ms (cache hit)
158 silly packumentCache full:https://registry.npmjs.org/@humanwhocodes%2fretry set size:42348 disposed:false
159 silly fetch manifest @eslint-community/regexpp@^4.12.1
160 silly packumentCache full:https://registry.npmjs.org/@eslint-community%2fregexpp cache-miss
161 http cache https://registry.npmjs.org/escape-string-regexp 488ms (cache hit)
162 silly packumentCache full:https://registry.npmjs.org/escape-string-regexp set size:22244 disposed:false
163 silly fetch manifest @eslint-community/eslint-utils@^4.2.0
164 silly packumentCache full:https://registry.npmjs.org/@eslint-community%2feslint-utils cache-miss
165 http cache https://registry.npmjs.org/@eslint%2fconfig-helpers 585ms (cache hit)
166 silly packumentCache full:https://registry.npmjs.org/@eslint%2fconfig-helpers set size:42392 disposed:false
167 silly fetch manifest @humanwhocodes/module-importer@^1.0.1
168 silly packumentCache full:https://registry.npmjs.org/@humanwhocodes%2fmodule-importer cache-miss
169 http cache https://registry.npmjs.org/@eslint-community%2feslint-utils 115ms (cache hit)
170 silly packumentCache full:https://registry.npmjs.org/@eslint-community%2feslint-utils set size:93301 disposed:false
171 silly fetch manifest json-stable-stringify-without-jsonify@^1.0.1
172 silly packumentCache full:https://registry.npmjs.org/json-stable-stringify-without-jsonify cache-miss
173 http cache https://registry.npmjs.org/@eslint-community%2fregexpp 126ms (cache hit)
174 silly packumentCache full:https://registry.npmjs.org/@eslint-community%2fregexpp set size:106609 disposed:false
175 silly fetch manifest eslint-plugin-react@^7.37.0
176 silly packumentCache full:https://registry.npmjs.org/eslint-plugin-react cache-miss
177 http cache https://registry.npmjs.org/@humanwhocodes%2fmodule-importer 30ms (cache hit)
178 silly packumentCache full:https://registry.npmjs.org/@humanwhocodes%2fmodule-importer set size:9516 disposed:false
179 silly fetch manifest eslint-plugin-import@^2.31.0
180 silly packumentCache full:https://registry.npmjs.org/eslint-plugin-import cache-miss
181 http cache https://registry.npmjs.org/json-stable-stringify-without-jsonify 29ms (cache hit)
182 silly packumentCache full:https://registry.npmjs.org/json-stable-stringify-without-jsonify set size:5808 disposed:false
183 silly fetch manifest eslint-plugin-jsx-a11y@^6.10.0
184 silly packumentCache full:https://registry.npmjs.org/eslint-plugin-jsx-a11y cache-miss
185 http cache https://registry.npmjs.org/eslint-plugin-react 317ms (cache hit)
186 silly packumentCache full:https://registry.npmjs.org/eslint-plugin-react set size:646827 disposed:false
187 silly fetch manifest @rushstack/eslint-patch@^1.10.3
188 silly packumentCache full:https://registry.npmjs.org/@rushstack%2feslint-patch cache-miss
189 http cache https://registry.npmjs.org/eslint-plugin-import 496ms (cache hit)
190 silly packumentCache full:https://registry.npmjs.org/eslint-plugin-import set size:484928 disposed:false
191 silly fetch manifest @next/eslint-plugin-next@15.2.4
192 silly packumentCache full:https://registry.npmjs.org/@next%2feslint-plugin-next cache-miss
193 http cache https://registry.npmjs.org/eslint-plugin-jsx-a11y 783ms (cache hit)
194 silly packumentCache full:https://registry.npmjs.org/eslint-plugin-jsx-a11y set size:280052 disposed:false
195 silly fetch manifest @typescript-eslint/parser@^5.4.2 || ^6.0.0 || ^7.0.0 || ^8.0.0
196 silly packumentCache full:https://registry.npmjs.org/@typescript-eslint%2fparser cache-miss
197 http cache https://registry.npmjs.org/@rushstack%2feslint-patch 379ms (cache hit)
198 silly packumentCache full:https://registry.npmjs.org/@rushstack%2feslint-patch set size:114289 disposed:false
199 silly fetch manifest eslint-plugin-react-hooks@^5.0.0
200 silly packumentCache full:https://registry.npmjs.org/eslint-plugin-react-hooks cache-miss
201 http cache https://registry.npmjs.org/@next%2feslint-plugin-next 350ms (cache hit)
202 silly packumentCache full:https://registry.npmjs.org/@next%2feslint-plugin-next set size:6637895 disposed:false
203 silly fetch manifest eslint-import-resolver-node@^0.3.6
204 silly packumentCache full:https://registry.npmjs.org/eslint-import-resolver-node cache-miss
205 http cache https://registry.npmjs.org/eslint-plugin-react-hooks 1795ms (cache hit)
206 silly packumentCache full:https://registry.npmjs.org/eslint-plugin-react-hooks set size:7267289 disposed:false
207 silly fetch manifest @typescript-eslint/eslint-plugin@^5.4.2 || ^6.0.0 || ^7.0.0 || ^8.0.0
208 silly packumentCache full:https://registry.npmjs.org/@typescript-eslint%2feslint-plugin cache-miss
209 http cache https://registry.npmjs.org/@typescript-eslint%2fparser 5686ms (cache hit)
210 silly packumentCache full:https://registry.npmjs.org/@typescript-eslint%2fparser set size:14962599 disposed:false
211 silly fetch manifest eslint-import-resolver-typescript@^3.5.2
212 silly packumentCache full:https://registry.npmjs.org/eslint-import-resolver-typescript cache-miss
213 http cache https://registry.npmjs.org/eslint-import-resolver-node 6301ms (cache hit)
214 silly packumentCache full:https://registry.npmjs.org/eslint-import-resolver-node set size:35202 disposed:false
215 silly fetch manifest busboy@1.6.0
216 silly packumentCache full:https://registry.npmjs.org/busboy cache-miss
217 http cache https://registry.npmjs.org/eslint-import-resolver-typescript 120ms (cache hit)
218 silly packumentCache full:https://registry.npmjs.org/eslint-import-resolver-typescript set size:334387 disposed:false
219 silly fetch manifest postcss@8.4.31
220 silly packumentCache full:https://registry.npmjs.org/postcss cache-miss
221 http cache https://registry.npmjs.org/@typescript-eslint%2feslint-plugin 3811ms (cache hit)
222 silly packumentCache full:https://registry.npmjs.org/@typescript-eslint%2feslint-plugin set size:17621494 disposed:false
223 silly fetch manifest styled-jsx@5.1.6
224 silly packumentCache full:https://registry.npmjs.org/styled-jsx cache-miss
225 http cache https://registry.npmjs.org/busboy 5438ms (cache hit)
226 silly packumentCache full:https://registry.npmjs.org/busboy set size:78925 disposed:false
227 silly fetch manifest @swc/helpers@0.5.15
228 silly packumentCache full:https://registry.npmjs.org/@swc%2fhelpers cache-miss
229 http cache https://registry.npmjs.org/postcss 5608ms (cache hit)
230 silly packumentCache full:https://registry.npmjs.org/postcss set size:702266 disposed:false
231 silly fetch manifest caniuse-lite@^1.0.30001579
232 silly packumentCache full:https://registry.npmjs.org/caniuse-lite cache-miss
233 http cache https://registry.npmjs.org/styled-jsx 788ms (cache hit)
234 silly packumentCache full:https://registry.npmjs.org/styled-jsx set size:436113 disposed:false
235 silly fetch manifest sharp@^0.33.5
236 silly packumentCache full:https://registry.npmjs.org/sharp cache-miss
237 http cache https://registry.npmjs.org/@swc%2fhelpers 915ms (cache hit)
238 silly packumentCache full:https://registry.npmjs.org/@swc%2fhelpers set size:702830 disposed:false
239 silly fetch manifest @next/swc-darwin-arm64@15.2.4
240 silly packumentCache full:https://registry.npmjs.org/@next%2fswc-darwin-arm64 cache-miss
241 http cache https://registry.npmjs.org/sharp 773ms (cache hit)
242 silly packumentCache full:https://registry.npmjs.org/sharp set size:1034463 disposed:false
243 silly fetch manifest @next/swc-linux-x64-gnu@15.2.4
244 silly packumentCache full:https://registry.npmjs.org/@next%2fswc-linux-x64-gnu cache-miss
245 http cache https://registry.npmjs.org/caniuse-lite 2302ms (cache hit)
246 silly packumentCache full:https://registry.npmjs.org/caniuse-lite set size:2274989 disposed:false
247 silly fetch manifest @next/swc-linux-x64-musl@15.2.4
248 silly packumentCache full:https://registry.npmjs.org/@next%2fswc-linux-x64-musl cache-miss
249 http cache https://registry.npmjs.org/@next%2fswc-darwin-arm64 1497ms (cache hit)
250 silly packumentCache full:https://registry.npmjs.org/@next%2fswc-darwin-arm64 set size:5135770 disposed:false
251 silly fetch manifest @next/swc-win32-x64-msvc@15.2.4
252 silly packumentCache full:https://registry.npmjs.org/@next%2fswc-win32-x64-msvc cache-miss
253 http cache https://registry.npmjs.org/@next%2fswc-linux-x64-musl 1700ms (cache hit)
254 silly packumentCache full:https://registry.npmjs.org/@next%2fswc-linux-x64-musl set size:4939633 disposed:false
255 silly fetch manifest @next/swc-linux-arm64-gnu@15.2.4
256 silly packumentCache full:https://registry.npmjs.org/@next%2fswc-linux-arm64-gnu cache-miss
257 http cache https://registry.npmjs.org/@next%2fswc-linux-x64-gnu 3219ms (cache hit)
258 silly packumentCache full:https://registry.npmjs.org/@next%2fswc-linux-x64-gnu set size:5183411 disposed:false
259 silly fetch manifest @next/swc-linux-arm64-musl@15.2.4
260 silly packumentCache full:https://registry.npmjs.org/@next%2fswc-linux-arm64-musl cache-miss
261 http cache https://registry.npmjs.org/@next%2fswc-win32-x64-msvc 3056ms (cache hit)
262 silly packumentCache full:https://registry.npmjs.org/@next%2fswc-win32-x64-msvc set size:5155995 disposed:false
263 silly fetch manifest @next/swc-win32-arm64-msvc@15.2.4
264 silly packumentCache full:https://registry.npmjs.org/@next%2fswc-win32-arm64-msvc cache-miss
265 http cache https://registry.npmjs.org/@next%2fswc-linux-arm64-musl 1282ms (cache hit)
266 silly packumentCache full:https://registry.npmjs.org/@next%2fswc-linux-arm64-musl set size:5003468 disposed:false
267 silly fetch manifest scheduler@^0.25.0
268 silly packumentCache full:https://registry.npmjs.org/scheduler cache-miss
269 http cache https://registry.npmjs.org/@next%2fswc-linux-arm64-gnu 3922ms (cache hit)
270 silly packumentCache full:https://registry.npmjs.org/@next%2fswc-linux-arm64-gnu set size:4986073 disposed:false
271 http cache https://registry.npmjs.org/scheduler 1601ms (cache hit)
272 silly packumentCache full:https://registry.npmjs.org/scheduler set size:5456546 disposed:false
273 http cache https://registry.npmjs.org/@next%2fswc-win32-arm64-msvc 4770ms (cache hit)
274 silly packumentCache full:https://registry.npmjs.org/@next%2fswc-win32-arm64-msvc set size:4968542 disposed:false
275 silly placeDep ROOT @eslint-community/eslint-utils@4.9.1 OK for: eslint@9.22.0 want: ^4.2.0
276 silly placeDep ROOT @eslint-community/regexpp@4.12.2 OK for: eslint@9.22.0 want: ^4.12.1
277 silly placeDep ROOT @eslint/config-array@0.19.2 OK for: eslint@9.22.0 want: ^0.19.2
278 silly placeDep ROOT @eslint/config-helpers@0.1.0 OK for: eslint@9.22.0 want: ^0.1.0
279 silly placeDep ROOT @eslint/core@0.12.0 OK for: eslint@9.22.0 want: ^0.12.0
280 silly placeDep ROOT @eslint/eslintrc@3.3.5 OK for: eslint@9.22.0 want: ^3.3.0
281 silly placeDep ROOT @eslint/js@9.22.0 OK for: eslint@9.22.0 want: 9.22.0
282 silly placeDep ROOT @eslint/plugin-kit@0.2.8 OK for: eslint@9.22.0 want: ^0.2.7
283 silly placeDep ROOT @humanfs/node@0.16.7 OK for: eslint@9.22.0 want: ^0.16.6
284 silly placeDep ROOT @humanwhocodes/module-importer@1.0.1 OK for: eslint@9.22.0 want: ^1.0.1
285 silly placeDep ROOT @humanwhocodes/retry@0.4.3 OK for: eslint@9.22.0 want: ^0.4.2
286 silly placeDep ROOT @types/estree@1.0.8 OK for: eslint@9.22.0 want: ^1.0.6
287 silly placeDep ROOT @types/json-schema@7.0.15 OK for: eslint@9.22.0 want: ^7.0.15
288 silly placeDep ROOT ajv@6.14.0 OK for: eslint@9.22.0 want: ^6.12.4
289 silly placeDep ROOT chalk@4.1.2 OK for: eslint@9.22.0 want: ^4.0.0
290 silly placeDep ROOT cross-spawn@7.0.6 OK for: eslint@9.22.0 want: ^7.0.6
291 silly placeDep ROOT debug@4.4.3 OK for: eslint@9.22.0 want: ^4.3.2
292 silly placeDep ROOT escape-string-regexp@4.0.0 OK for: eslint@9.22.0 want: ^4.0.0
293 silly placeDep ROOT eslint-scope@8.4.0 OK for: eslint@9.22.0 want: ^8.3.0
294 silly placeDep ROOT eslint-visitor-keys@4.2.1 OK for: eslint@9.22.0 want: ^4.2.0
295 silly placeDep ROOT espree@10.4.0 OK for: eslint@9.22.0 want: ^10.3.0
296 silly placeDep ROOT esquery@1.7.0 OK for: eslint@9.22.0 want: ^1.5.0
297 silly placeDep ROOT esutils@2.0.3 OK for: eslint@9.22.0 want: ^2.0.2
298 silly placeDep ROOT fast-deep-equal@3.1.3 OK for: eslint@9.22.0 want: ^3.1.3
299 silly placeDep ROOT file-entry-cache@8.0.0 OK for: eslint@9.22.0 want: ^8.0.0
300 silly placeDep ROOT find-up@5.0.0 OK for: eslint@9.22.0 want: ^5.0.0
301 silly placeDep ROOT glob-parent@6.0.2 OK for: eslint@9.22.0 want: ^6.0.2
302 silly placeDep ROOT ignore@5.3.2 OK for: eslint@9.22.0 want: ^5.2.0
303 silly placeDep ROOT imurmurhash@0.1.4 OK for: eslint@9.22.0 want: ^0.1.4
304 silly placeDep ROOT is-glob@4.0.3 OK for: eslint@9.22.0 want: ^4.0.0
305 silly placeDep ROOT json-stable-stringify-without-jsonify@1.0.1 OK for: eslint@9.22.0 want: ^1.0.1
306 silly placeDep ROOT lodash.merge@4.6.2 OK for: eslint@9.22.0 want: ^4.6.2
307 silly placeDep ROOT minimatch@3.1.5 OK for: eslint@9.22.0 want: ^3.1.2
308 silly placeDep ROOT natural-compare@1.4.0 OK for: eslint@9.22.0 want: ^1.4.0
309 silly placeDep ROOT optionator@0.9.4 OK for: eslint@9.22.0 want: ^0.9.3
310 silly fetch manifest eslint-visitor-keys@^3.4.3
311 silly packumentCache full:https://registry.npmjs.org/eslint-visitor-keys cache-hit
312 silly fetch manifest debug@^4.3.1
313 silly packumentCache full:https://registry.npmjs.org/debug cache-hit
314 silly fetch manifest @eslint/object-schema@^2.1.6
315 silly packumentCache full:https://registry.npmjs.org/@eslint%2fobject-schema cache-miss
316 silly fetch manifest ajv@^6.14.0
317 silly packumentCache full:https://registry.npmjs.org/ajv cache-miss
318 silly fetch manifest espree@^10.0.1
319 silly packumentCache full:https://registry.npmjs.org/espree cache-hit
320 silly fetch manifest globals@^14.0.0
321 silly packumentCache full:https://registry.npmjs.org/globals cache-miss
322 http cache https://registry.npmjs.org/ajv 220ms (cache hit)
323 silly packumentCache full:https://registry.npmjs.org/ajv set size:1120197 disposed:false
324 silly fetch manifest import-fresh@^3.2.1
325 silly packumentCache full:https://registry.npmjs.org/import-fresh cache-miss
326 http cache https://registry.npmjs.org/@eslint%2fobject-schema 559ms (cache hit)
327 silly packumentCache full:https://registry.npmjs.org/@eslint%2fobject-schema set size:32980 disposed:false
328 silly fetch manifest js-yaml@^4.1.1
329 silly packumentCache full:https://registry.npmjs.org/js-yaml cache-miss
330 http cache https://registry.npmjs.org/globals 562ms (cache hit)
331 silly packumentCache full:https://registry.npmjs.org/globals set size:308609 disposed:false
332 silly fetch manifest minimatch@^3.1.5
333 silly packumentCache full:https://registry.npmjs.org/minimatch cache-hit
334 silly fetch manifest strip-json-comments@^3.1.1
335 silly packumentCache full:https://registry.npmjs.org/strip-json-comments cache-miss
336 http cache https://registry.npmjs.org/import-fresh 421ms (cache hit)
337 silly packumentCache full:https://registry.npmjs.org/import-fresh set size:24604 disposed:false
338 silly fetch manifest levn@^0.4.1
339 silly packumentCache full:https://registry.npmjs.org/levn cache-miss
340 http cache https://registry.npmjs.org/js-yaml 151ms (cache hit)
341 silly packumentCache full:https://registry.npmjs.org/js-yaml set size:152232 disposed:false
342 silly fetch manifest @eslint/core@^0.13.0
343 silly packumentCache full:https://registry.npmjs.org/@eslint%2fcore cache-hit
344 silly fetch manifest @humanwhocodes/retry@^0.4.0
345 silly packumentCache full:https://registry.npmjs.org/@humanwhocodes%2fretry cache-hit
346 silly fetch manifest @humanfs/core@^0.19.1
347 silly packumentCache full:https://registry.npmjs.org/@humanfs%2fcore cache-miss
348 http cache https://registry.npmjs.org/strip-json-comments 30ms (cache hit)
349 silly packumentCache full:https://registry.npmjs.org/strip-json-comments set size:43569 disposed:false
350 silly fetch manifest fast-deep-equal@^3.1.1
351 silly packumentCache full:https://registry.npmjs.org/fast-deep-equal cache-hit
352 silly fetch manifest fast-json-stable-stringify@^2.0.0
353 silly packumentCache full:https://registry.npmjs.org/fast-json-stable-stringify cache-miss
354 http cache https://registry.npmjs.org/levn 64ms (cache hit)
355 silly packumentCache full:https://registry.npmjs.org/levn set size:28223 disposed:false
356 silly fetch manifest json-schema-traverse@^0.4.1
357 silly packumentCache full:https://registry.npmjs.org/json-schema-traverse cache-miss
358 http cache https://registry.npmjs.org/@humanfs%2fcore 60ms (cache hit)
359 silly packumentCache full:https://registry.npmjs.org/@humanfs%2fcore set size:35472 disposed:false
360 silly fetch manifest uri-js@^4.2.2
361 silly packumentCache full:https://registry.npmjs.org/uri-js cache-miss
362 http cache https://registry.npmjs.org/fast-json-stable-stringify 56ms (cache hit)
363 silly packumentCache full:https://registry.npmjs.org/fast-json-stable-stringify set size:11337 disposed:false
364 silly fetch manifest ansi-styles@^4.1.0
365 silly packumentCache full:https://registry.npmjs.org/ansi-styles cache-miss
366 http cache https://registry.npmjs.org/json-schema-traverse 478ms (cache hit)
367 silly packumentCache full:https://registry.npmjs.org/json-schema-traverse set size:23537 disposed:false
368 silly fetch manifest supports-color@^7.1.0
369 silly packumentCache full:https://registry.npmjs.org/supports-color cache-miss
370 http cache https://registry.npmjs.org/uri-js 483ms (cache hit)
371 silly packumentCache full:https://registry.npmjs.org/uri-js set size:42559 disposed:false
372 silly fetch manifest which@^2.0.1
373 silly packumentCache full:https://registry.npmjs.org/which cache-miss
374 http cache https://registry.npmjs.org/ansi-styles 484ms (cache hit)
375 silly packumentCache full:https://registry.npmjs.org/ansi-styles set size:63233 disposed:false
376 silly fetch manifest path-key@^3.1.0
377 silly packumentCache full:https://registry.npmjs.org/path-key cache-miss
378 http cache https://registry.npmjs.org/supports-color 157ms (cache hit)
379 silly packumentCache full:https://registry.npmjs.org/supports-color set size:118680 disposed:false
380 silly fetch manifest shebang-command@^2.0.0
381 silly packumentCache full:https://registry.npmjs.org/shebang-command cache-miss
382 http cache https://registry.npmjs.org/path-key 216ms (cache hit)
383 silly packumentCache full:https://registry.npmjs.org/path-key set size:16975 disposed:false
384 silly fetch manifest ms@^2.1.3
385 silly packumentCache full:https://registry.npmjs.org/ms cache-miss
386 http cache https://registry.npmjs.org/which 236ms (cache hit)
387 silly packumentCache full:https://registry.npmjs.org/which set size:67747 disposed:false
388 silly fetch manifest esrecurse@^4.3.0
389 silly packumentCache full:https://registry.npmjs.org/esrecurse cache-miss
390 http cache https://registry.npmjs.org/shebang-command 239ms (cache hit)
391 silly packumentCache full:https://registry.npmjs.org/shebang-command set size:8525 disposed:false
392 silly fetch manifest estraverse@^5.2.0
393 silly packumentCache full:https://registry.npmjs.org/estraverse cache-miss
394 http cache https://registry.npmjs.org/ms 254ms (cache hit)
395 silly packumentCache full:https://registry.npmjs.org/ms set size:92208 disposed:false
396 silly fetch manifest acorn@^8.15.0
397 silly packumentCache full:https://registry.npmjs.org/acorn cache-miss
398 http cache https://registry.npmjs.org/esrecurse 263ms (cache hit)
399 silly packumentCache full:https://registry.npmjs.org/esrecurse set size:29005 disposed:false
400 silly fetch manifest acorn-jsx@^5.3.2
401 silly packumentCache full:https://registry.npmjs.org/acorn-jsx cache-miss
402 http cache https://registry.npmjs.org/estraverse 240ms (cache hit)
403 silly packumentCache full:https://registry.npmjs.org/estraverse set size:62412 disposed:false
404 silly fetch manifest estraverse@^5.1.0
405 silly packumentCache full:https://registry.npmjs.org/estraverse cache-hit
406 silly fetch manifest flat-cache@^4.0.0
407 silly packumentCache full:https://registry.npmjs.org/flat-cache cache-miss
408 http cache https://registry.npmjs.org/acorn 279ms (cache hit)
409 silly packumentCache full:https://registry.npmjs.org/acorn set size:379626 disposed:false
410 silly fetch manifest locate-path@^6.0.0
411 silly packumentCache full:https://registry.npmjs.org/locate-path cache-miss
412 http cache https://registry.npmjs.org/acorn-jsx 418ms (cache hit)
413 silly packumentCache full:https://registry.npmjs.org/acorn-jsx set size:71068 disposed:false
414 silly fetch manifest is-glob@^4.0.3
415 silly packumentCache full:https://registry.npmjs.org/is-glob cache-hit
416 silly fetch manifest brace-expansion@^1.1.7
417 silly packumentCache full:https://registry.npmjs.org/brace-expansion cache-miss
418 http cache https://registry.npmjs.org/flat-cache 283ms (cache hit)
419 silly packumentCache full:https://registry.npmjs.org/flat-cache set size:169582 disposed:false
420 silly fetch manifest prelude-ls@^1.2.1
421 silly packumentCache full:https://registry.npmjs.org/prelude-ls cache-miss
422 http cache https://registry.npmjs.org/locate-path 230ms (cache hit)
423 silly packumentCache full:https://registry.npmjs.org/locate-path set size:31329 disposed:false
424 silly fetch manifest deep-is@^0.1.3
425 silly packumentCache full:https://registry.npmjs.org/deep-is cache-miss
426 http cache https://registry.npmjs.org/brace-expansion 268ms (cache hit)
427 silly packumentCache full:https://registry.npmjs.org/brace-expansion set size:61740 disposed:false
428 silly fetch manifest type-check@^0.4.0
429 silly packumentCache full:https://registry.npmjs.org/type-check cache-miss
430 http cache https://registry.npmjs.org/deep-is 69ms (cache hit)
431 silly packumentCache full:https://registry.npmjs.org/deep-is set size:10205 disposed:false
432 http cache https://registry.npmjs.org/prelude-ls 89ms (cache hit)
433 silly packumentCache full:https://registry.npmjs.org/prelude-ls set size:25777 disposed:false
434 http cache https://registry.npmjs.org/type-check 36ms (cache hit)
435 silly packumentCache full:https://registry.npmjs.org/type-check set size:21221 disposed:false
436 silly placeDep node_modules/@eslint-community/eslint-utils eslint-visitor-keys@3.4.3 OK for: @eslint-community/eslint-utils@4.9.1 want: ^3.4.3
437 silly placeDep node_modules/@eslint/config-array @eslint/object-schema@2.1.7 OK for: @eslint/config-array@0.19.2 want: ^2.1.6
438 silly placeDep node_modules/@eslint/eslintrc globals@14.0.0 OK for: @eslint/eslintrc@3.3.5 want: ^14.0.0
439 silly placeDep node_modules/@eslint/eslintrc import-fresh@3.3.1 OK for: @eslint/eslintrc@3.3.5 want: ^3.2.1
440 silly placeDep node_modules/@eslint/eslintrc js-yaml@4.1.1 OK for: @eslint/eslintrc@3.3.5 want: ^4.1.1
441 silly placeDep node_modules/@eslint/eslintrc strip-json-comments@3.1.1 OK for: @eslint/eslintrc@3.3.5 want: ^3.1.1
442 silly fetch manifest argparse@^2.0.1
443 silly packumentCache full:https://registry.npmjs.org/argparse cache-miss
444 http cache https://registry.npmjs.org/argparse 137ms (cache hit)
445 silly packumentCache full:https://registry.npmjs.org/argparse set size:49266 disposed:false
446 silly placeDep node_modules/@eslint/plugin-kit @eslint/core@0.13.0 OK for: @eslint/plugin-kit@0.2.8 want: ^0.13.0
447 silly placeDep node_modules/@eslint/plugin-kit levn@0.4.1 OK for: @eslint/plugin-kit@0.2.8 want: ^0.4.1
448 silly fetch manifest type-check@~0.4.0
449 silly packumentCache full:https://registry.npmjs.org/type-check cache-hit
450 silly placeDep node_modules/@humanfs/node @humanfs/core@0.19.1 OK for: @humanfs/node@0.16.7 want: ^0.19.1
451 silly placeDep node_modules/ajv fast-json-stable-stringify@2.1.0 OK for: ajv@6.14.0 want: ^2.0.0
452 silly placeDep node_modules/ajv json-schema-traverse@0.4.1 OK for: ajv@6.14.0 want: ^0.4.1
453 silly placeDep node_modules/ajv uri-js@4.4.1 OK for: ajv@6.14.0 want: ^4.2.2
454 silly placeDep node_modules/chalk ansi-styles@4.3.0 OK for: chalk@4.1.2 want: ^4.1.0
455 silly placeDep node_modules/chalk supports-color@7.2.0 OK for: chalk@4.1.2 want: ^7.1.0
456 silly fetch manifest color-convert@^2.0.1
457 silly packumentCache full:https://registry.npmjs.org/color-convert cache-miss
458 http cache https://registry.npmjs.org/color-convert 342ms (cache hit)
459 silly packumentCache full:https://registry.npmjs.org/color-convert set size:72663 disposed:false
460 silly placeDep node_modules/cross-spawn path-key@3.1.1 OK for: cross-spawn@7.0.6 want: ^3.1.0
461 silly placeDep node_modules/cross-spawn shebang-command@2.0.0 OK for: cross-spawn@7.0.6 want: ^2.0.0
462 silly placeDep node_modules/cross-spawn which@2.0.2 OK for: cross-spawn@7.0.6 want: ^2.0.1
463 silly placeDep node_modules/debug ms@2.1.3 OK for: debug@4.4.3 want: ^2.1.3
464 silly placeDep ROOT @next/eslint-plugin-next@15.2.4 OK for: eslint-config-next@15.2.4 want: 15.2.4
465 silly placeDep ROOT @rushstack/eslint-patch@1.16.1 OK for: eslint-config-next@15.2.4 want: ^1.10.3
466 silly placeDep ROOT @typescript-eslint/eslint-plugin@8.58.0 OK for: eslint-config-next@15.2.4 want: ^5.4.2 || ^6.0.0 || ^7.0.0 || ^8.0.0
467 silly placeDep ROOT @typescript-eslint/parser@8.58.0 OK for: eslint-config-next@15.2.4 want: ^5.4.2 || ^6.0.0 || ^7.0.0 || ^8.0.0
468 silly placeDep ROOT eslint-import-resolver-node@0.3.9 OK for: eslint-config-next@15.2.4 want: ^0.3.6
469 silly placeDep ROOT eslint-import-resolver-typescript@3.10.1 OK for: eslint-config-next@15.2.4 want: ^3.5.2
470 silly placeDep ROOT eslint-plugin-import@2.32.0 OK for: eslint-config-next@15.2.4 want: ^2.31.0
471 silly placeDep ROOT eslint-plugin-jsx-a11y@6.10.2 OK for: eslint-config-next@15.2.4 want: ^6.10.0
472 silly placeDep ROOT eslint-plugin-react@7.37.5 OK for: eslint-config-next@15.2.4 want: ^7.37.0
473 silly placeDep ROOT eslint-plugin-react-hooks@5.2.0 OK for: eslint-config-next@15.2.4 want: ^5.0.0
474 silly fetch manifest fast-glob@3.3.1
475 silly packumentCache full:https://registry.npmjs.org/fast-glob cache-miss
476 silly fetch manifest ignore@^7.0.5
477 silly packumentCache full:https://registry.npmjs.org/ignore cache-hit
478 silly fetch manifest ts-api-utils@^2.5.0
479 silly packumentCache full:https://registry.npmjs.org/ts-api-utils cache-miss
480 silly fetch manifest @typescript-eslint/utils@8.58.0
481 silly packumentCache full:https://registry.npmjs.org/@typescript-eslint%2futils cache-miss
482 http cache https://registry.npmjs.org/fast-glob 220ms (cache hit)
483 silly packumentCache full:https://registry.npmjs.org/fast-glob set size:220556 disposed:false
484 silly fetch manifest @typescript-eslint/type-utils@8.58.0
485 silly packumentCache full:https://registry.npmjs.org/@typescript-eslint%2ftype-utils cache-miss
486 http cache https://registry.npmjs.org/ts-api-utils 252ms (cache hit)
487 silly packumentCache full:https://registry.npmjs.org/ts-api-utils set size:226785 disposed:false
488 silly fetch manifest @typescript-eslint/visitor-keys@8.58.0
489 silly packumentCache full:https://registry.npmjs.org/@typescript-eslint%2fvisitor-keys cache-miss
490 http cache https://registry.npmjs.org/@typescript-eslint%2futils 910ms (cache hit)
491 silly packumentCache full:https://registry.npmjs.org/@typescript-eslint%2futils set size:9890208 disposed:false
492 silly fetch manifest @typescript-eslint/scope-manager@8.58.0
493 silly packumentCache full:https://registry.npmjs.org/@typescript-eslint%2fscope-manager cache-miss
494 http cache https://registry.npmjs.org/@typescript-eslint%2ftype-utils 2931ms (cache hit)
495 silly packumentCache full:https://registry.npmjs.org/@typescript-eslint%2ftype-utils set size:9082756 disposed:false
496 silly fetch manifest @typescript-eslint/types@8.58.0
497 silly packumentCache full:https://registry.npmjs.org/@typescript-eslint%2ftypes cache-miss
498 http cache https://registry.npmjs.org/@typescript-eslint%2fvisitor-keys 5037ms (cache hit)
499 silly packumentCache full:https://registry.npmjs.org/@typescript-eslint%2fvisitor-keys set size:11627479 disposed:false
500 silly fetch manifest @typescript-eslint/scope-manager@8.58.0
501 silly packumentCache full:https://registry.npmjs.org/@typescript-eslint%2fscope-manager cache-miss
502 http cache https://registry.npmjs.org/@typescript-eslint%2fscope-manager 5589ms (cache hit)
503 silly packumentCache full:https://registry.npmjs.org/@typescript-eslint%2fscope-manager set size:12205471 disposed:false
504 silly fetch manifest @typescript-eslint/typescript-estree@8.58.0
505 silly packumentCache full:https://registry.npmjs.org/@typescript-eslint%2ftypescript-estree cache-miss
506 http cache https://registry.npmjs.org/@typescript-eslint%2fscope-manager 4635ms (cache hit)
507 silly packumentCache full:https://registry.npmjs.org/@typescript-eslint%2fscope-manager set size:12205471 disposed:false
508 silly fetch manifest debug@^3.2.7
509 silly packumentCache full:https://registry.npmjs.org/debug cache-hit
510 silly fetch manifest is-core-module@^2.13.0
511 silly packumentCache full:https://registry.npmjs.org/is-core-module cache-miss
512 http cache https://registry.npmjs.org/@typescript-eslint%2ftypes 10156ms (cache hit)
513 silly packumentCache full:https://registry.npmjs.org/@typescript-eslint%2ftypes set size:12013185 disposed:false
514 silly fetch manifest resolve@^1.22.4
515 silly packumentCache full:https://registry.npmjs.org/resolve cache-miss
516 http cache https://registry.npmjs.org/@typescript-eslint%2ftypescript-estree 6573ms (cache hit)
517 silly packumentCache full:https://registry.npmjs.org/@typescript-eslint%2ftypescript-estree set size:16138942 disposed:false
518 silly fetch manifest tinyglobby@^0.2.13
519 silly packumentCache full:https://registry.npmjs.org/tinyglobby cache-miss
520 http cache https://registry.npmjs.org/tinyglobby 185ms (cache hit)
521 silly packumentCache full:https://registry.npmjs.org/tinyglobby set size:49812 disposed:false
522 silly fetch manifest stable-hash@^0.0.5
523 silly packumentCache full:https://registry.npmjs.org/stable-hash cache-miss
524 http cache https://registry.npmjs.org/resolve 3918ms (cache hit)
525 silly packumentCache full:https://registry.npmjs.org/resolve set size:238156 disposed:false
526 silly fetch manifest get-tsconfig@^4.10.0
527 silly packumentCache full:https://registry.npmjs.org/get-tsconfig cache-miss
528 http cache https://registry.npmjs.org/is-core-module 6663ms (cache hit)
529 silly packumentCache full:https://registry.npmjs.org/is-core-module set size:71788 disposed:false
530 silly fetch manifest is-bun-module@^2.0.0
531 silly packumentCache full:https://registry.npmjs.org/is-bun-module cache-miss
532 http cache https://registry.npmjs.org/is-bun-module 182ms (cache hit)
533 silly packumentCache full:https://registry.npmjs.org/is-bun-module set size:19768 disposed:false
534 silly fetch manifest unrs-resolver@^1.6.2
535 silly packumentCache full:https://registry.npmjs.org/unrs-resolver cache-miss
536 http cache https://registry.npmjs.org/stable-hash 226ms (cache hit)
537 silly packumentCache full:https://registry.npmjs.org/stable-hash set size:18359 disposed:false
538 silly fetch manifest @nolyfill/is-core-module@1.0.39
539 silly packumentCache full:https://registry.npmjs.org/@nolyfill%2fis-core-module cache-miss
540 http cache https://registry.npmjs.org/get-tsconfig 204ms (cache hit)
541 silly packumentCache full:https://registry.npmjs.org/get-tsconfig set size:119248 disposed:false
542 silly fetch manifest @rtsao/scc@^1.1.0
543 silly packumentCache full:https://registry.npmjs.org/@rtsao%2fscc cache-miss
544 http cache https://registry.npmjs.org/unrs-resolver 41ms (cache hit)
545 silly packumentCache full:https://registry.npmjs.org/unrs-resolver set size:142730 disposed:false
546 silly fetch manifest array-includes@^3.1.9
547 silly packumentCache full:https://registry.npmjs.org/array-includes cache-miss
548 http cache https://registry.npmjs.org/@nolyfill%2fis-core-module 33ms (cache hit)
549 silly packumentCache full:https://registry.npmjs.org/@nolyfill%2fis-core-module set size:10461 disposed:false
550 silly fetch manifest array.prototype.findlastindex@^1.2.6
551 silly packumentCache full:https://registry.npmjs.org/array.prototype.findlastindex cache-miss
552 http cache https://registry.npmjs.org/@rtsao%2fscc 29ms (cache hit)
553 silly packumentCache full:https://registry.npmjs.org/@rtsao%2fscc set size:6332 disposed:false
554 silly fetch manifest array.prototype.flat@^1.3.3
555 silly packumentCache full:https://registry.npmjs.org/array.prototype.flat cache-miss
556 http cache https://registry.npmjs.org/array-includes 35ms (cache hit)
557 silly packumentCache full:https://registry.npmjs.org/array-includes set size:77143 disposed:false
558 silly fetch manifest array.prototype.flatmap@^1.3.3
559 silly packumentCache full:https://registry.npmjs.org/array.prototype.flatmap cache-miss
560 http cache https://registry.npmjs.org/array.prototype.findlastindex 42ms (cache hit)
561 silly packumentCache full:https://registry.npmjs.org/array.prototype.findlastindex set size:44828 disposed:false
562 silly fetch manifest doctrine@^2.1.0
563 silly packumentCache full:https://registry.npmjs.org/doctrine cache-miss
564 http cache https://registry.npmjs.org/array.prototype.flat 44ms (cache hit)
565 silly packumentCache full:https://registry.npmjs.org/array.prototype.flat set size:38327 disposed:false
566 silly fetch manifest eslint-module-utils@^2.12.1
567 silly packumentCache full:https://registry.npmjs.org/eslint-module-utils cache-miss
568 http cache https://registry.npmjs.org/array.prototype.flatmap 241ms (cache hit)
569 silly packumentCache full:https://registry.npmjs.org/array.prototype.flatmap set size:51458 disposed:false
570 silly fetch manifest hasown@^2.0.2
571 silly packumentCache full:https://registry.npmjs.org/hasown cache-miss
572 http cache https://registry.npmjs.org/doctrine 245ms (cache hit)
573 silly packumentCache full:https://registry.npmjs.org/doctrine set size:64052 disposed:false
574 silly fetch manifest is-core-module@^2.16.1
575 silly packumentCache full:https://registry.npmjs.org/is-core-module cache-hit
576 silly fetch manifest object.fromentries@^2.0.8
577 silly packumentCache full:https://registry.npmjs.org/object.fromentries cache-miss
578 http cache https://registry.npmjs.org/eslint-module-utils 248ms (cache hit)
579 silly packumentCache full:https://registry.npmjs.org/eslint-module-utils set size:77496 disposed:false
580 silly fetch manifest object.groupby@^1.0.3
581 silly packumentCache full:https://registry.npmjs.org/object.groupby cache-miss
582 http cache https://registry.npmjs.org/hasown 172ms (cache hit)
583 silly packumentCache full:https://registry.npmjs.org/hasown set size:12476 disposed:false
584 silly fetch manifest object.values@^1.2.1
585 silly packumentCache full:https://registry.npmjs.org/object.values cache-miss
586 http cache https://registry.npmjs.org/object.groupby 20ms (cache hit)
587 silly packumentCache full:https://registry.npmjs.org/object.groupby set size:15504 disposed:false
588 silly fetch manifest semver@^6.3.1
589 silly packumentCache full:https://registry.npmjs.org/semver cache-miss
590 http cache https://registry.npmjs.org/object.fromentries 169ms (cache hit)
591 silly packumentCache full:https://registry.npmjs.org/object.fromentries set size:37686 disposed:false
592 silly fetch manifest string.prototype.trimend@^1.0.9
593 silly packumentCache full:https://registry.npmjs.org/string.prototype.trimend cache-miss
594 http cache https://registry.npmjs.org/object.values 32ms (cache hit)
595 silly packumentCache full:https://registry.npmjs.org/object.values set size:49009 disposed:false
596 silly fetch manifest tsconfig-paths@^3.15.0
597 silly packumentCache full:https://registry.npmjs.org/tsconfig-paths cache-miss
598 http cache https://registry.npmjs.org/string.prototype.trimend 26ms (cache hit)
599 silly packumentCache full:https://registry.npmjs.org/string.prototype.trimend set size:41090 disposed:false
600 silly fetch manifest array-includes@^3.1.8
601 silly packumentCache full:https://registry.npmjs.org/array-includes cache-hit
602 silly fetch manifest array.prototype.flatmap@^1.3.2
603 silly packumentCache full:https://registry.npmjs.org/array.prototype.flatmap cache-hit
604 silly fetch manifest axe-core@^4.10.0
605 silly packumentCache full:https://registry.npmjs.org/axe-core cache-miss
606 http cache https://registry.npmjs.org/semver 299ms (cache hit)
607 silly packumentCache full:https://registry.npmjs.org/semver set size:229620 disposed:false
608 silly fetch manifest axobject-query@^4.1.0
609 silly packumentCache full:https://registry.npmjs.org/axobject-query cache-miss
610 http cache https://registry.npmjs.org/tsconfig-paths 502ms (cache hit)
611 silly packumentCache full:https://registry.npmjs.org/tsconfig-paths set size:192565 disposed:false
612 silly fetch manifest emoji-regex@^9.2.2
613 silly packumentCache full:https://registry.npmjs.org/emoji-regex cache-miss
614 http cache https://registry.npmjs.org/axe-core 555ms (cache hit)
615 silly packumentCache full:https://registry.npmjs.org/axe-core set size:9213299 disposed:false
616 silly fetch manifest safe-regex-test@^1.0.3
617 silly packumentCache full:https://registry.npmjs.org/safe-regex-test cache-miss
618 http cache https://registry.npmjs.org/axobject-query 1849ms (cache hit)
619 silly packumentCache full:https://registry.npmjs.org/axobject-query set size:75032 disposed:false
620 silly fetch manifest array.prototype.findlast@^1.2.5
621 silly packumentCache full:https://registry.npmjs.org/array.prototype.findlast cache-miss
622 http cache https://registry.npmjs.org/emoji-regex 1765ms (cache hit)
623 silly packumentCache full:https://registry.npmjs.org/emoji-regex set size:89088 disposed:false
624 silly fetch manifest es-iterator-helpers@^1.2.1
625 silly packumentCache full:https://registry.npmjs.org/es-iterator-helpers cache-miss
626 http cache https://registry.npmjs.org/safe-regex-test 239ms (cache hit)
627 silly packumentCache full:https://registry.npmjs.org/safe-regex-test set size:17412 disposed:false
628 silly fetch manifest estraverse@^5.3.0
629 silly packumentCache full:https://registry.npmjs.org/estraverse cache-hit
630 silly fetch manifest object.entries@^1.1.9
631 silly packumentCache full:https://registry.npmjs.org/object.entries cache-miss
632 http cache https://registry.npmjs.org/array.prototype.findlast 195ms (cache hit)
633 silly packumentCache full:https://registry.npmjs.org/array.prototype.findlast set size:40323 disposed:false
634 silly fetch manifest prop-types@^15.8.1
635 silly packumentCache full:https://registry.npmjs.org/prop-types cache-miss
636 http cache https://registry.npmjs.org/es-iterator-helpers 185ms (cache hit)
637 silly packumentCache full:https://registry.npmjs.org/es-iterator-helpers set size:247864 disposed:false
638 silly fetch manifest resolve@^2.0.0-next.5
639 silly packumentCache full:https://registry.npmjs.org/resolve cache-hit
640 silly fetch manifest string.prototype.matchall@^4.0.12
641 silly packumentCache full:https://registry.npmjs.org/string.prototype.matchall cache-miss
642 http cache https://registry.npmjs.org/object.entries 136ms (cache hit)
643 silly packumentCache full:https://registry.npmjs.org/object.entries set size:50037 disposed:false
644 http cache https://registry.npmjs.org/prop-types 169ms (cache hit)
645 silly packumentCache full:https://registry.npmjs.org/prop-types set size:76747 disposed:false
646 http cache https://registry.npmjs.org/string.prototype.matchall 106ms (cache hit)
647 silly packumentCache full:https://registry.npmjs.org/string.prototype.matchall set size:63239 disposed:false
648 silly placeDep node_modules/@next/eslint-plugin-next fast-glob@3.3.1 OK for: @next/eslint-plugin-next@15.2.4 want: 3.3.1
649 silly fetch manifest merge2@^1.3.0
650 silly packumentCache full:https://registry.npmjs.org/merge2 cache-miss
651 silly fetch manifest micromatch@^4.0.4
652 silly packumentCache full:https://registry.npmjs.org/micromatch cache-miss
653 silly fetch manifest glob-parent@^5.1.2
654 silly packumentCache full:https://registry.npmjs.org/glob-parent cache-hit
655 silly fetch manifest @nodelib/fs.stat@^2.0.2
656 silly packumentCache full:https://registry.npmjs.org/@nodelib%2ffs.stat cache-miss
657 http cache https://registry.npmjs.org/@nodelib%2ffs.stat 40ms (cache hit)
658 silly packumentCache full:https://registry.npmjs.org/@nodelib%2ffs.stat set size:36993 disposed:false
659 silly fetch manifest @nodelib/fs.walk@^1.2.3
660 silly packumentCache full:https://registry.npmjs.org/@nodelib%2ffs.walk cache-miss
661 http cache https://registry.npmjs.org/merge2 48ms (cache hit)
662 silly packumentCache full:https://registry.npmjs.org/merge2 set size:46159 disposed:false
663 http cache https://registry.npmjs.org/micromatch 52ms (cache hit)
664 silly packumentCache full:https://registry.npmjs.org/micromatch set size:240630 disposed:false
665 http cache https://registry.npmjs.org/@nodelib%2ffs.walk 32ms (cache hit)
666 silly packumentCache full:https://registry.npmjs.org/@nodelib%2ffs.walk set size:41589 disposed:false
667 silly placeDep node_modules/@typescript-eslint/eslint-plugin @typescript-eslint/scope-manager@8.58.0 OK for: @typescript-eslint/eslint-plugin@8.58.0 want: 8.58.0
668 silly placeDep node_modules/@typescript-eslint/eslint-plugin @typescript-eslint/type-utils@8.58.0 OK for: @typescript-eslint/eslint-plugin@8.58.0 want: 8.58.0
669 silly placeDep node_modules/@typescript-eslint/eslint-plugin @typescript-eslint/utils@8.58.0 OK for: @typescript-eslint/eslint-plugin@8.58.0 want: 8.58.0
670 silly placeDep node_modules/@typescript-eslint/eslint-plugin @typescript-eslint/visitor-keys@8.58.0 OK for: @typescript-eslint/eslint-plugin@8.58.0 want: 8.58.0
671 silly placeDep node_modules/@typescript-eslint/eslint-plugin ignore@7.0.5 OK for: @typescript-eslint/eslint-plugin@8.58.0 want: ^7.0.5
672 silly placeDep node_modules/@typescript-eslint/eslint-plugin ts-api-utils@2.5.0 OK for: @typescript-eslint/eslint-plugin@8.58.0 want: ^2.5.0
673 silly fetch manifest eslint-visitor-keys@^5.0.0
674 silly packumentCache full:https://registry.npmjs.org/eslint-visitor-keys cache-hit
675 silly placeDep node_modules/@typescript-eslint/parser @typescript-eslint/scope-manager@8.58.0 OK for: @typescript-eslint/parser@8.58.0 want: 8.58.0
676 silly placeDep node_modules/@typescript-eslint/parser @typescript-eslint/types@8.58.0 OK for: @typescript-eslint/parser@8.58.0 want: 8.58.0
677 silly placeDep node_modules/@typescript-eslint/parser @typescript-eslint/typescript-estree@8.58.0 OK for: @typescript-eslint/parser@8.58.0 want: 8.58.0
678 silly placeDep node_modules/@typescript-eslint/parser @typescript-eslint/visitor-keys@8.58.0 OK for: @typescript-eslint/parser@8.58.0 want: 8.58.0
679 silly fetch manifest semver@^7.7.3
680 silly packumentCache full:https://registry.npmjs.org/semver cache-hit
681 silly fetch manifest minimatch@^10.2.2
682 silly packumentCache full:https://registry.npmjs.org/minimatch cache-hit
683 silly fetch manifest tinyglobby@^0.2.15
684 silly packumentCache full:https://registry.npmjs.org/tinyglobby cache-hit
685 silly fetch manifest @typescript-eslint/tsconfig-utils@8.58.0
686 silly packumentCache full:https://registry.npmjs.org/@typescript-eslint%2ftsconfig-utils cache-miss
687 silly fetch manifest @typescript-eslint/project-service@8.58.0
688 silly packumentCache full:https://registry.npmjs.org/@typescript-eslint%2fproject-service cache-miss
689 http cache https://registry.npmjs.org/@typescript-eslint%2ftsconfig-utils 52ms (cache hit)
690 silly packumentCache full:https://registry.npmjs.org/@typescript-eslint%2ftsconfig-utils set size:1035729 disposed:false
691 http cache https://registry.npmjs.org/@typescript-eslint%2fproject-service 416ms (cache hit)
692 silly packumentCache full:https://registry.npmjs.org/@typescript-eslint%2fproject-service set size:1100495 disposed:false
693 silly placeDep node_modules/eslint-import-resolver-node debug@3.2.7 OK for: eslint-import-resolver-node@0.3.9 want: ^3.2.7
694 silly placeDep node_modules/eslint-import-resolver-node is-core-module@2.16.1 OK for: eslint-import-resolver-node@0.3.9 want: ^2.13.0
695 silly placeDep node_modules/eslint-import-resolver-node resolve@1.22.11 OK for: eslint-import-resolver-node@0.3.9 want: ^1.22.4
696 silly fetch manifest ms@^2.1.1
697 silly packumentCache full:https://registry.npmjs.org/ms cache-hit
698 silly fetch manifest supports-preserve-symlinks-flag@^1.0.0
699 silly packumentCache full:https://registry.npmjs.org/supports-preserve-symlinks-flag cache-miss
700 http cache https://registry.npmjs.org/supports-preserve-symlinks-flag 11ms (cache hit)
701 silly packumentCache full:https://registry.npmjs.org/supports-preserve-symlinks-flag set size:6802 disposed:false
702 silly placeDep node_modules/eslint-import-resolver-typescript @nolyfill/is-core-module@1.0.39 OK for: eslint-import-resolver-typescript@3.10.1 want: 1.0.39
703 silly placeDep node_modules/eslint-import-resolver-typescript get-tsconfig@4.13.7 OK for: eslint-import-resolver-typescript@3.10.1 want: ^4.10.0
704 silly placeDep node_modules/eslint-import-resolver-typescript is-bun-module@2.0.0 OK for: eslint-import-resolver-typescript@3.10.1 want: ^2.0.0
705 silly placeDep node_modules/eslint-import-resolver-typescript stable-hash@0.0.5 OK for: eslint-import-resolver-typescript@3.10.1 want: ^0.0.5
706 silly placeDep node_modules/eslint-import-resolver-typescript tinyglobby@0.2.15 OK for: eslint-import-resolver-typescript@3.10.1 want: ^0.2.13
707 silly placeDep node_modules/eslint-import-resolver-typescript unrs-resolver@1.11.1 OK for: eslint-import-resolver-typescript@3.10.1 want: ^1.6.2
708 silly fetch manifest resolve-pkg-maps@^1.0.0
709 silly packumentCache full:https://registry.npmjs.org/resolve-pkg-maps cache-miss
710 silly fetch manifest semver@^7.7.1
711 silly packumentCache full:https://registry.npmjs.org/semver cache-hit
712 silly fetch manifest fdir@^6.5.0
713 silly packumentCache full:https://registry.npmjs.org/fdir cache-miss
714 silly fetch manifest picomatch@^4.0.3
715 silly packumentCache full:https://registry.npmjs.org/picomatch cache-miss
716 http cache https://registry.npmjs.org/resolve-pkg-maps 243ms (cache hit)
717 silly packumentCache full:https://registry.npmjs.org/resolve-pkg-maps set size:11615 disposed:false
718 silly fetch manifest napi-postinstall@^0.3.0
719 silly packumentCache full:https://registry.npmjs.org/napi-postinstall cache-miss
720 http cache https://registry.npmjs.org/fdir 248ms (cache hit)
721 silly packumentCache full:https://registry.npmjs.org/fdir set size:136182 disposed:false
722 silly fetch manifest @unrs/resolver-binding-win32-x64-msvc@1.11.1
723 silly packumentCache full:https://registry.npmjs.org/@unrs%2fresolver-binding-win32-x64-msvc cache-miss
724 http cache https://registry.npmjs.org/picomatch 424ms (cache hit)
725 silly packumentCache full:https://registry.npmjs.org/picomatch set size:126376 disposed:false
726 silly fetch manifest @unrs/resolver-binding-win32-arm64-msvc@1.11.1
727 silly packumentCache full:https://registry.npmjs.org/@unrs%2fresolver-binding-win32-arm64-msvc cache-miss
728 http cache https://registry.npmjs.org/@unrs%2fresolver-binding-win32-x64-msvc 25ms (cache hit)
729 silly packumentCache full:https://registry.npmjs.org/@unrs%2fresolver-binding-win32-x64-msvc set size:58760 disposed:false
730 silly fetch manifest @unrs/resolver-binding-win32-ia32-msvc@1.11.1
731 silly packumentCache full:https://registry.npmjs.org/@unrs%2fresolver-binding-win32-ia32-msvc cache-miss
732 http cache https://registry.npmjs.org/napi-postinstall 204ms (cache hit)
733 silly packumentCache full:https://registry.npmjs.org/napi-postinstall set size:41400 disposed:false
734 silly fetch manifest @unrs/resolver-binding-linux-x64-gnu@1.11.1
735 silly packumentCache full:https://registry.npmjs.org/@unrs%2fresolver-binding-linux-x64-gnu cache-miss
736 http cache https://registry.npmjs.org/@unrs%2fresolver-binding-win32-arm64-msvc 26ms (cache hit)
737 silly packumentCache full:https://registry.npmjs.org/@unrs%2fresolver-binding-win32-arm64-msvc set size:59292 disposed:false
738 silly fetch manifest @unrs/resolver-binding-linux-x64-musl@1.11.1
739 silly packumentCache full:https://registry.npmjs.org/@unrs%2fresolver-binding-linux-x64-musl cache-miss
740 http cache https://registry.npmjs.org/@unrs%2fresolver-binding-win32-ia32-msvc 21ms (cache hit)
741 silly packumentCache full:https://registry.npmjs.org/@unrs%2fresolver-binding-win32-ia32-msvc set size:59023 disposed:false
742 silly fetch manifest @unrs/resolver-binding-freebsd-x64@1.11.1
743 silly packumentCache full:https://registry.npmjs.org/@unrs%2fresolver-binding-freebsd-x64 cache-miss
744 http cache https://registry.npmjs.org/@unrs%2fresolver-binding-linux-x64-gnu 28ms (cache hit)
745 silly packumentCache full:https://registry.npmjs.org/@unrs%2fresolver-binding-linux-x64-gnu set size:59167 disposed:false
746 silly fetch manifest @unrs/resolver-binding-android-arm64@1.11.1
747 silly packumentCache full:https://registry.npmjs.org/@unrs%2fresolver-binding-android-arm64 cache-miss
748 http cache https://registry.npmjs.org/@unrs%2fresolver-binding-linux-x64-musl 29ms (cache hit)
749 silly packumentCache full:https://registry.npmjs.org/@unrs%2fresolver-binding-linux-x64-musl set size:59364 disposed:false
750 silly fetch manifest @unrs/resolver-binding-linux-arm64-gnu@1.11.1
751 silly packumentCache full:https://registry.npmjs.org/@unrs%2fresolver-binding-linux-arm64-gnu cache-miss
752 http cache https://registry.npmjs.org/@unrs%2fresolver-binding-freebsd-x64 23ms (cache hit)
753 silly packumentCache full:https://registry.npmjs.org/@unrs%2fresolver-binding-freebsd-x64 set size:58172 disposed:false
754 silly fetch manifest @unrs/resolver-binding-linux-arm64-musl@1.11.1
755 silly packumentCache full:https://registry.npmjs.org/@unrs%2fresolver-binding-linux-arm64-musl cache-miss
756 http cache https://registry.npmjs.org/@unrs%2fresolver-binding-android-arm64 15ms (cache hit)
757 silly packumentCache full:https://registry.npmjs.org/@unrs%2fresolver-binding-android-arm64 set size:12351 disposed:false
758 silly fetch manifest @unrs/resolver-binding-android-arm-eabi@1.11.1
759 silly packumentCache full:https://registry.npmjs.org/@unrs%2fresolver-binding-android-arm-eabi cache-miss
760 http cache https://registry.npmjs.org/@unrs%2fresolver-binding-linux-arm64-gnu 406ms (cache hit)
761 silly packumentCache full:https://registry.npmjs.org/@unrs%2fresolver-binding-linux-arm64-gnu set size:59697 disposed:false
762 silly fetch manifest @unrs/resolver-binding-linux-arm-gnueabihf@1.11.1
763 silly packumentCache full:https://registry.npmjs.org/@unrs%2fresolver-binding-linux-arm-gnueabihf cache-miss
764 http cache https://registry.npmjs.org/@unrs%2fresolver-binding-linux-arm64-musl 821ms (cache hit)
765 silly packumentCache full:https://registry.npmjs.org/@unrs%2fresolver-binding-linux-arm64-musl set size:59889 disposed:false
766 silly fetch manifest @unrs/resolver-binding-linux-arm-musleabihf@1.11.1
767 silly packumentCache full:https://registry.npmjs.org/@unrs%2fresolver-binding-linux-arm-musleabihf cache-miss
768 http cache https://registry.npmjs.org/@unrs%2fresolver-binding-android-arm-eabi 820ms (cache hit)
769 silly packumentCache full:https://registry.npmjs.org/@unrs%2fresolver-binding-android-arm-eabi set size:12473 disposed:false
770 silly fetch manifest @unrs/resolver-binding-linux-ppc64-gnu@1.11.1
771 silly packumentCache full:https://registry.npmjs.org/@unrs%2fresolver-binding-linux-ppc64-gnu cache-miss
772 http cache https://registry.npmjs.org/@unrs%2fresolver-binding-linux-arm-gnueabihf 107ms (cache hit)
773 silly packumentCache full:https://registry.npmjs.org/@unrs%2fresolver-binding-linux-arm-gnueabihf set size:59902 disposed:false
774 silly fetch manifest @unrs/resolver-binding-linux-riscv64-gnu@1.11.1
775 silly packumentCache full:https://registry.npmjs.org/@unrs%2fresolver-binding-linux-riscv64-gnu cache-miss
776 http cache https://registry.npmjs.org/@unrs%2fresolver-binding-linux-arm-musleabihf 106ms (cache hit)
777 silly packumentCache full:https://registry.npmjs.org/@unrs%2fresolver-binding-linux-arm-musleabihf set size:60135 disposed:false
778 silly fetch manifest @unrs/resolver-binding-linux-riscv64-musl@1.11.1
779 silly packumentCache full:https://registry.npmjs.org/@unrs%2fresolver-binding-linux-riscv64-musl cache-miss
780 http cache https://registry.npmjs.org/@unrs%2fresolver-binding-linux-ppc64-gnu 165ms (cache hit)
781 silly packumentCache full:https://registry.npmjs.org/@unrs%2fresolver-binding-linux-ppc64-gnu set size:59704 disposed:false
782 silly fetch manifest @unrs/resolver-binding-linux-s390x-gnu@1.11.1
783 silly packumentCache full:https://registry.npmjs.org/@unrs%2fresolver-binding-linux-s390x-gnu cache-miss
784 http cache https://registry.npmjs.org/@unrs%2fresolver-binding-linux-riscv64-gnu 80ms (cache hit)
785 silly packumentCache full:https://registry.npmjs.org/@unrs%2fresolver-binding-linux-riscv64-gnu set size:50987 disposed:false
786 silly fetch manifest @unrs/resolver-binding-darwin-arm64@1.11.1
787 silly packumentCache full:https://registry.npmjs.org/@unrs%2fresolver-binding-darwin-arm64 cache-miss
788 http cache https://registry.npmjs.org/@unrs%2fresolver-binding-linux-riscv64-musl 244ms (cache hit)
789 silly packumentCache full:https://registry.npmjs.org/@unrs%2fresolver-binding-linux-riscv64-musl set size:40293 disposed:false
790 silly fetch manifest @unrs/resolver-binding-wasm32-wasi@1.11.1
791 silly packumentCache full:https://registry.npmjs.org/@unrs%2fresolver-binding-wasm32-wasi cache-miss
792 http cache https://registry.npmjs.org/@unrs%2fresolver-binding-linux-s390x-gnu 183ms (cache hit)
793 silly packumentCache full:https://registry.npmjs.org/@unrs%2fresolver-binding-linux-s390x-gnu set size:59697 disposed:false
794 http cache https://registry.npmjs.org/@unrs%2fresolver-binding-darwin-arm64 20ms (cache hit)
795 silly packumentCache full:https://registry.npmjs.org/@unrs%2fresolver-binding-darwin-arm64 set size:58434 disposed:false
796 http cache https://registry.npmjs.org/@unrs%2fresolver-binding-wasm32-wasi 17ms (cache hit)
797 silly packumentCache full:https://registry.npmjs.org/@unrs%2fresolver-binding-wasm32-wasi set size:61704 disposed:false
798 silly placeDep node_modules/eslint-plugin-import @rtsao/scc@1.1.0 OK for: eslint-plugin-import@2.32.0 want: ^1.1.0
799 silly placeDep node_modules/eslint-plugin-import array-includes@3.1.9 OK for: eslint-plugin-import@2.32.0 want: ^3.1.9
800 silly placeDep node_modules/eslint-plugin-import array.prototype.findlastindex@1.2.6 OK for: eslint-plugin-import@2.32.0 want: ^1.2.6
801 silly placeDep node_modules/eslint-plugin-import array.prototype.flat@1.3.3 OK for: eslint-plugin-import@2.32.0 want: ^1.3.3
802 silly placeDep node_modules/eslint-plugin-import array.prototype.flatmap@1.3.3 OK for: eslint-plugin-import@2.32.0 want: ^1.3.3
803 silly placeDep node_modules/eslint-plugin-import debug@3.2.7 OK for: eslint-plugin-import@2.32.0 want: ^3.2.7
804 silly placeDep node_modules/eslint-plugin-import doctrine@2.1.0 OK for: eslint-plugin-import@2.32.0 want: ^2.1.0
805 silly placeDep node_modules/eslint-plugin-import eslint-module-utils@2.12.1 OK for: eslint-plugin-import@2.32.0 want: ^2.12.1
806 silly placeDep node_modules/eslint-plugin-import hasown@2.0.2 OK for: eslint-plugin-import@2.32.0 want: ^2.0.2
807 silly placeDep node_modules/eslint-plugin-import is-core-module@2.16.1 OK for: eslint-plugin-import@2.32.0 want: ^2.16.1
808 silly placeDep node_modules/eslint-plugin-import object.fromentries@2.0.8 OK for: eslint-plugin-import@2.32.0 want: ^2.0.8
809 silly placeDep node_modules/eslint-plugin-import object.groupby@1.0.3 OK for: eslint-plugin-import@2.32.0 want: ^1.0.3
810 silly placeDep node_modules/eslint-plugin-import object.values@1.2.1 OK for: eslint-plugin-import@2.32.0 want: ^1.2.1
811 silly placeDep node_modules/eslint-plugin-import semver@6.3.1 OK for: eslint-plugin-import@2.32.0 want: ^6.3.1
812 silly placeDep node_modules/eslint-plugin-import string.prototype.trimend@1.0.9 OK for: eslint-plugin-import@2.32.0 want: ^1.0.9
813 silly placeDep node_modules/eslint-plugin-import tsconfig-paths@3.15.0 OK for: eslint-plugin-import@2.32.0 want: ^3.15.0
814 silly fetch manifest call-bind@^1.0.8
815 silly packumentCache full:https://registry.npmjs.org/call-bind cache-miss
816 silly fetch manifest call-bound@^1.0.4
817 silly packumentCache full:https://registry.npmjs.org/call-bound cache-miss
818 silly fetch manifest define-properties@^1.2.1
819 silly packumentCache full:https://registry.npmjs.org/define-properties cache-miss
820 http cache https://registry.npmjs.org/call-bound 92ms (cache hit)
821 silly packumentCache full:https://registry.npmjs.org/call-bound set size:15317 disposed:false
822 silly fetch manifest es-abstract@^1.24.0
823 silly packumentCache full:https://registry.npmjs.org/es-abstract cache-miss
824 http cache https://registry.npmjs.org/call-bind 253ms (cache hit)
825 silly packumentCache full:https://registry.npmjs.org/call-bind set size:30096 disposed:false
826 silly fetch manifest es-object-atoms@^1.1.1
827 silly packumentCache full:https://registry.npmjs.org/es-object-atoms cache-miss
828 http cache https://registry.npmjs.org/define-properties 102ms (cache hit)
829 silly packumentCache full:https://registry.npmjs.org/define-properties set size:31491 disposed:false
830 silly fetch manifest get-intrinsic@^1.3.0
831 silly packumentCache full:https://registry.npmjs.org/get-intrinsic cache-miss
832 http cache https://registry.npmjs.org/es-object-atoms 11ms (cache hit)
833 silly packumentCache full:https://registry.npmjs.org/es-object-atoms set size:15304 disposed:false
834 silly fetch manifest is-string@^1.1.1
835 silly packumentCache full:https://registry.npmjs.org/is-string cache-miss
836 http cache https://registry.npmjs.org/get-intrinsic 13ms (cache hit)
837 silly packumentCache full:https://registry.npmjs.org/get-intrinsic set size:60985 disposed:false
838 silly fetch manifest math-intrinsics@^1.1.0
839 silly packumentCache full:https://registry.npmjs.org/math-intrinsics cache-miss
840 http cache https://registry.npmjs.org/es-abstract 37ms (cache hit)
841 silly packumentCache full:https://registry.npmjs.org/es-abstract set size:378584 disposed:false
842 silly fetch manifest es-abstract@^1.23.9
843 silly packumentCache full:https://registry.npmjs.org/es-abstract cache-hit
844 silly fetch manifest es-errors@^1.3.0
845 silly packumentCache full:https://registry.npmjs.org/es-errors cache-miss
846 http cache https://registry.npmjs.org/es-errors 12ms (cache hit)
847 silly packumentCache full:https://registry.npmjs.org/es-errors set size:16918 disposed:false
848 silly fetch manifest es-shim-unscopables@^1.1.0
849 silly packumentCache full:https://registry.npmjs.org/es-shim-unscopables cache-miss
850 http cache https://registry.npmjs.org/math-intrinsics 306ms (cache hit)
851 silly packumentCache full:https://registry.npmjs.org/math-intrinsics set size:9265 disposed:false
852 silly fetch manifest es-abstract@^1.23.5
853 silly packumentCache full:https://registry.npmjs.org/es-abstract cache-hit
854 silly fetch manifest es-shim-unscopables@^1.0.2
855 silly packumentCache full:https://registry.npmjs.org/es-shim-unscopables cache-miss
856 http cache https://registry.npmjs.org/is-string 328ms (cache hit)
857 silly packumentCache full:https://registry.npmjs.org/is-string set size:29636 disposed:false
858 silly fetch manifest es-shim-unscopables@^1.0.2
859 silly packumentCache full:https://registry.npmjs.org/es-shim-unscopables cache-miss
860 http cache https://registry.npmjs.org/es-shim-unscopables 32ms (cache hit)
861 silly packumentCache full:https://registry.npmjs.org/es-shim-unscopables set size:13965 disposed:false
862 silly fetch manifest function-bind@^1.1.2
863 silly packumentCache full:https://registry.npmjs.org/function-bind cache-miss
864 http cache https://registry.npmjs.org/es-shim-unscopables 13ms (cache hit)
865 silly packumentCache full:https://registry.npmjs.org/es-shim-unscopables set size:13965 disposed:false
866 silly packumentCache full:https://registry.npmjs.org/es-shim-unscopables dispose
867 silly fetch manifest call-bind@^1.0.7
868 silly packumentCache full:https://registry.npmjs.org/call-bind cache-hit
869 silly fetch manifest es-abstract@^1.23.2
870 silly packumentCache full:https://registry.npmjs.org/es-abstract cache-hit
871 silly fetch manifest es-object-atoms@^1.0.0
872 silly packumentCache full:https://registry.npmjs.org/es-object-atoms cache-hit
873 silly fetch manifest call-bound@^1.0.3
874 silly packumentCache full:https://registry.npmjs.org/call-bound cache-hit
875 silly fetch manifest call-bound@^1.0.2
876 silly packumentCache full:https://registry.npmjs.org/call-bound cache-hit
877 silly fetch manifest json5@^1.0.2
878 silly packumentCache full:https://registry.npmjs.org/json5 cache-miss
879 http cache https://registry.npmjs.org/es-shim-unscopables 49ms (cache hit)
880 silly packumentCache full:https://registry.npmjs.org/es-shim-unscopables set size:13965 disposed:true
881 silly packumentCache full:https://registry.npmjs.org/es-shim-unscopables dispose
882 silly fetch manifest minimist@^1.2.6
883 silly packumentCache full:https://registry.npmjs.org/minimist cache-miss
884 http cache https://registry.npmjs.org/json5 17ms (cache hit)
885 silly packumentCache full:https://registry.npmjs.org/json5 set size:86136 disposed:false
886 http cache https://registry.npmjs.org/function-bind 58ms (cache hit)
887 silly packumentCache full:https://registry.npmjs.org/function-bind set size:15733 disposed:false
888 http cache https://registry.npmjs.org/minimist 26ms (cache hit)
889 silly packumentCache full:https://registry.npmjs.org/minimist set size:77063 disposed:false
890 silly placeDep node_modules/eslint-plugin-jsx-a11y array-includes@3.1.9 OK for: eslint-plugin-jsx-a11y@6.10.2 want: ^3.1.8
891 silly placeDep node_modules/eslint-plugin-jsx-a11y array.prototype.flatmap@1.3.3 OK for: eslint-plugin-jsx-a11y@6.10.2 want: ^1.3.2
892 silly placeDep node_modules/eslint-plugin-jsx-a11y axe-core@4.11.2 OK for: eslint-plugin-jsx-a11y@6.10.2 want: ^4.10.0
893 silly placeDep node_modules/eslint-plugin-jsx-a11y axobject-query@4.1.0 OK for: eslint-plugin-jsx-a11y@6.10.2 want: ^4.1.0
894 silly placeDep node_modules/eslint-plugin-jsx-a11y emoji-regex@9.2.2 OK for: eslint-plugin-jsx-a11y@6.10.2 want: ^9.2.2
895 silly placeDep node_modules/eslint-plugin-jsx-a11y hasown@2.0.2 OK for: eslint-plugin-jsx-a11y@6.10.2 want: ^2.0.2
896 silly placeDep node_modules/eslint-plugin-jsx-a11y object.fromentries@2.0.8 OK for: eslint-plugin-jsx-a11y@6.10.2 want: ^2.0.8
897 silly placeDep node_modules/eslint-plugin-jsx-a11y safe-regex-test@1.1.0 OK for: eslint-plugin-jsx-a11y@6.10.2 want: ^1.0.3
898 silly fetch manifest is-regex@^1.2.1
899 silly packumentCache full:https://registry.npmjs.org/is-regex cache-miss
900 http cache https://registry.npmjs.org/is-regex 9ms (cache hit)
901 silly packumentCache full:https://registry.npmjs.org/is-regex set size:42924 disposed:false
902 silly placeDep node_modules/eslint-plugin-react array-includes@3.1.9 OK for: eslint-plugin-react@7.37.5 want: ^3.1.8
903 silly placeDep node_modules/eslint-plugin-react array.prototype.findlast@1.2.5 OK for: eslint-plugin-react@7.37.5 want: ^1.2.5
904 silly placeDep node_modules/eslint-plugin-react array.prototype.flatmap@1.3.3 OK for: eslint-plugin-react@7.37.5 want: ^1.3.3
905 silly placeDep node_modules/eslint-plugin-react doctrine@2.1.0 OK for: eslint-plugin-react@7.37.5 want: ^2.1.0
906 silly placeDep node_modules/eslint-plugin-react es-iterator-helpers@1.3.1 OK for: eslint-plugin-react@7.37.5 want: ^1.2.1
907 silly placeDep node_modules/eslint-plugin-react estraverse@5.3.0 OK for: eslint-plugin-react@7.37.5 want: ^5.3.0
908 silly placeDep node_modules/eslint-plugin-react hasown@2.0.2 OK for: eslint-plugin-react@7.37.5 want: ^2.0.2
909 silly placeDep node_modules/eslint-plugin-react object.entries@1.1.9 OK for: eslint-plugin-react@7.37.5 want: ^1.1.9
910 silly placeDep node_modules/eslint-plugin-react object.fromentries@2.0.8 OK for: eslint-plugin-react@7.37.5 want: ^2.0.8
911 silly placeDep node_modules/eslint-plugin-react object.values@1.2.1 OK for: eslint-plugin-react@7.37.5 want: ^1.2.1
912 silly placeDep node_modules/eslint-plugin-react prop-types@15.8.1 OK for: eslint-plugin-react@7.37.5 want: ^15.8.1
913 silly placeDep node_modules/eslint-plugin-react resolve@2.0.0-next.6 OK for: eslint-plugin-react@7.37.5 want: ^2.0.0-next.5
914 silly placeDep node_modules/eslint-plugin-react semver@6.3.1 OK for: eslint-plugin-react@7.37.5 want: ^6.3.1
915 silly placeDep node_modules/eslint-plugin-react string.prototype.matchall@4.0.12 OK for: eslint-plugin-react@7.37.5 want: ^4.0.12
916 silly fetch manifest es-abstract@^1.24.1
917 silly packumentCache full:https://registry.npmjs.org/es-abstract cache-hit
918 silly fetch manifest es-set-tostringtag@^2.1.0
919 silly packumentCache full:https://registry.npmjs.org/es-set-tostringtag cache-miss
920 silly fetch manifest globalthis@^1.0.4
921 silly packumentCache full:https://registry.npmjs.org/globalthis cache-miss
922 silly fetch manifest gopd@^1.2.0
923 silly packumentCache full:https://registry.npmjs.org/gopd cache-miss
924 http cache https://registry.npmjs.org/globalthis 20ms (cache hit)
925 silly packumentCache full:https://registry.npmjs.org/globalthis set size:22522 disposed:false
926 silly fetch manifest has-property-descriptors@^1.0.2
927 silly packumentCache full:https://registry.npmjs.org/has-property-descriptors cache-miss
928 http cache https://registry.npmjs.org/gopd 30ms (cache hit)
929 silly packumentCache full:https://registry.npmjs.org/gopd set size:11458 disposed:false
930 silly fetch manifest has-proto@^1.2.0
931 silly packumentCache full:https://registry.npmjs.org/has-proto cache-miss
932 http cache https://registry.npmjs.org/es-set-tostringtag 35ms (cache hit)
933 silly packumentCache full:https://registry.npmjs.org/es-set-tostringtag set size:22094 disposed:false
934 silly fetch manifest has-symbols@^1.1.0
935 silly packumentCache full:https://registry.npmjs.org/has-symbols cache-miss
936 http cache https://registry.npmjs.org/has-property-descriptors 248ms (cache hit)
937 silly packumentCache full:https://registry.npmjs.org/has-property-descriptors set size:12452 disposed:false
938 silly fetch manifest internal-slot@^1.1.0
939 silly packumentCache full:https://registry.npmjs.org/internal-slot cache-miss
940 http cache https://registry.npmjs.org/has-proto 249ms (cache hit)
941 silly packumentCache full:https://registry.npmjs.org/has-proto set size:21527 disposed:false
942 silly fetch manifest safe-array-concat@^1.1.3
943 silly packumentCache full:https://registry.npmjs.org/safe-array-concat cache-miss
944 http cache https://registry.npmjs.org/has-symbols 249ms (cache hit)
945 silly packumentCache full:https://registry.npmjs.org/has-symbols set size:21550 disposed:false
946 silly fetch manifest object-keys@^1.1.1
947 silly packumentCache full:https://registry.npmjs.org/object-keys cache-miss
948 http cache https://registry.npmjs.org/safe-array-concat 94ms (cache hit)
949 silly packumentCache full:https://registry.npmjs.org/safe-array-concat set size:22426 disposed:false
950 silly fetch manifest es-abstract@^1.23.6
951 silly packumentCache full:https://registry.npmjs.org/es-abstract cache-hit
952 silly fetch manifest get-intrinsic@^1.2.6
953 silly packumentCache full:https://registry.npmjs.org/get-intrinsic cache-hit
954 silly fetch manifest internal-slot@^1.1.0
955 silly packumentCache full:https://registry.npmjs.org/internal-slot cache-miss
956 http cache https://registry.npmjs.org/internal-slot 321ms (cache hit)
957 silly packumentCache full:https://registry.npmjs.org/internal-slot set size:30267 disposed:false
958 silly fetch manifest regexp.prototype.flags@^1.5.3
959 silly packumentCache full:https://registry.npmjs.org/regexp.prototype.flags cache-miss
960 http cache https://registry.npmjs.org/object-keys 240ms (cache hit)
961 silly packumentCache full:https://registry.npmjs.org/object-keys set size:67744 disposed:false
962 silly fetch manifest side-channel@^1.1.0
963 silly packumentCache full:https://registry.npmjs.org/side-channel cache-miss
964 http cache https://registry.npmjs.org/internal-slot 36ms (cache hit)
965 silly packumentCache full:https://registry.npmjs.org/internal-slot set size:30267 disposed:false
966 silly packumentCache full:https://registry.npmjs.org/internal-slot dispose
967 http cache https://registry.npmjs.org/regexp.prototype.flags 46ms (cache hit)
968 silly packumentCache full:https://registry.npmjs.org/regexp.prototype.flags set size:60621 disposed:false
969 http cache https://registry.npmjs.org/side-channel 47ms (cache hit)
970 silly packumentCache full:https://registry.npmjs.org/side-channel set size:24660 disposed:false
971 silly placeDep node_modules/eslint-scope esrecurse@4.3.0 OK for: eslint-scope@8.4.0 want: ^4.3.0
972 silly placeDep node_modules/eslint-scope estraverse@5.3.0 OK for: eslint-scope@8.4.0 want: ^5.2.0
973 silly placeDep node_modules/espree acorn@8.16.0 OK for: espree@10.4.0 want: ^8.15.0
974 silly placeDep node_modules/espree acorn-jsx@5.3.2 OK for: espree@10.4.0 want: ^5.3.2
975 silly placeDep node_modules/esquery estraverse@5.3.0 OK for: esquery@1.7.0 want: ^5.1.0
976 silly placeDep node_modules/file-entry-cache flat-cache@4.0.1 OK for: file-entry-cache@8.0.0 want: ^4.0.0
977 silly fetch manifest flatted@^3.2.9
978 silly packumentCache full:https://registry.npmjs.org/flatted cache-miss
979 http cache https://registry.npmjs.org/flatted 10ms (cache hit)
980 silly packumentCache full:https://registry.npmjs.org/flatted set size:137347 disposed:false
981 silly placeDep node_modules/find-up locate-path@6.0.0 OK for: find-up@5.0.0 want: ^6.0.0
982 silly placeDep node_modules/minimatch brace-expansion@1.1.13 OK for: minimatch@3.1.5 want: ^1.1.7
983 silly placeDep ROOT @next/swc-darwin-arm64@15.2.4 OK for: next@15.2.4 want: 15.2.4
984 silly placeDep ROOT @next/swc-linux-arm64-gnu@15.2.4 OK for: next@15.2.4 want: 15.2.4
985 silly placeDep ROOT @next/swc-linux-arm64-musl@15.2.4 OK for: next@15.2.4 want: 15.2.4
986 silly placeDep ROOT @next/swc-linux-x64-gnu@15.2.4 OK for: next@15.2.4 want: 15.2.4
987 silly placeDep ROOT @next/swc-linux-x64-musl@15.2.4 OK for: next@15.2.4 want: 15.2.4
988 silly placeDep ROOT @next/swc-win32-arm64-msvc@15.2.4 OK for: next@15.2.4 want: 15.2.4
989 silly placeDep ROOT @next/swc-win32-x64-msvc@15.2.4 OK for: next@15.2.4 want: 15.2.4
990 silly placeDep ROOT @swc/helpers@0.5.15 OK for: next@15.2.4 want: 0.5.15
991 silly placeDep ROOT busboy@1.6.0 OK for: next@15.2.4 want: 1.6.0
992 silly placeDep ROOT caniuse-lite@1.0.30001782 OK for: next@15.2.4 want: ^1.0.30001579
993 silly placeDep ROOT postcss@8.4.31 OK for: next@15.2.4 want: 8.4.31
994 silly placeDep ROOT sharp@0.33.5 OK for: next@15.2.4 want: ^0.33.5
995 silly placeDep ROOT styled-jsx@5.1.6 OK for: next@15.2.4 want: 5.1.6
996 silly fetch manifest tslib@^2.8.0
997 silly packumentCache full:https://registry.npmjs.org/tslib cache-miss
998 silly fetch manifest streamsearch@^1.1.0
999 silly packumentCache full:https://registry.npmjs.org/streamsearch cache-miss
1000 silly fetch manifest nanoid@^3.3.6
1001 silly packumentCache full:https://registry.npmjs.org/nanoid cache-miss
1002 http cache https://registry.npmjs.org/streamsearch 14ms (cache hit)
1003 silly packumentCache full:https://registry.npmjs.org/streamsearch set size:27372 disposed:false
1004 silly fetch manifest source-map-js@^1.0.2
1005 silly packumentCache full:https://registry.npmjs.org/source-map-js cache-miss
1006 http cache https://registry.npmjs.org/tslib 18ms (cache hit)
1007 silly packumentCache full:https://registry.npmjs.org/tslib set size:108760 disposed:false
1008 silly fetch manifest semver@^7.6.3
1009 silly packumentCache full:https://registry.npmjs.org/semver cache-hit
1010 silly fetch manifest detect-libc@^2.0.3
1011 silly packumentCache full:https://registry.npmjs.org/detect-libc cache-miss
1012 http cache https://registry.npmjs.org/nanoid 23ms (cache hit)
1013 silly packumentCache full:https://registry.npmjs.org/nanoid set size:300313 disposed:false
1014 silly fetch manifest @img/sharp-wasm32@0.33.5
1015 silly packumentCache full:https://registry.npmjs.org/@img%2fsharp-wasm32 cache-miss
1016 http cache https://registry.npmjs.org/@img%2fsharp-wasm32 43ms (cache hit)
1017 silly packumentCache full:https://registry.npmjs.org/@img%2fsharp-wasm32 set size:61337 disposed:false
1018 silly fetch manifest @img/sharp-linux-arm@0.33.5
1019 silly packumentCache full:https://registry.npmjs.org/@img%2fsharp-linux-arm cache-miss
1020 http cache https://registry.npmjs.org/detect-libc 418ms (cache hit)
1021 silly packumentCache full:https://registry.npmjs.org/detect-libc set size:47861 disposed:false
1022 silly fetch manifest @img/sharp-linux-x64@0.33.5
1023 silly packumentCache full:https://registry.npmjs.org/@img%2fsharp-linux-x64 cache-miss
1024 http cache https://registry.npmjs.org/source-map-js 441ms (cache hit)
1025 silly packumentCache full:https://registry.npmjs.org/source-map-js set size:62640 disposed:false
1026 silly fetch manifest @img/sharp-win32-x64@0.33.5
1027 silly packumentCache full:https://registry.npmjs.org/@img%2fsharp-win32-x64 cache-miss
1028 http cache https://registry.npmjs.org/@img%2fsharp-win32-x64 16ms (cache hit)
1029 silly packumentCache full:https://registry.npmjs.org/@img%2fsharp-win32-x64 set size:64388 disposed:false
1030 silly fetch manifest @img/sharp-win32-ia32@0.33.5
1031 silly packumentCache full:https://registry.npmjs.org/@img%2fsharp-win32-ia32 cache-miss
1032 http cache https://registry.npmjs.org/@img%2fsharp-linux-arm 45ms (cache hit)
1033 silly packumentCache full:https://registry.npmjs.org/@img%2fsharp-linux-arm set size:66643 disposed:false
1034 silly fetch manifest @img/sharp-linux-arm64@0.33.5
1035 silly packumentCache full:https://registry.npmjs.org/@img%2fsharp-linux-arm64 cache-miss
1036 http cache https://registry.npmjs.org/@img%2fsharp-linux-x64 193ms (cache hit)
1037 silly packumentCache full:https://registry.npmjs.org/@img%2fsharp-linux-x64 set size:66311 disposed:false
1038 silly fetch manifest @img/sharp-linux-s390x@0.33.5
1039 silly packumentCache full:https://registry.npmjs.org/@img%2fsharp-linux-s390x cache-miss
1040 http cache https://registry.npmjs.org/@img%2fsharp-linux-arm64 55ms (cache hit)
1041 silly packumentCache full:https://registry.npmjs.org/@img%2fsharp-linux-arm64 set size:67207 disposed:false
1042 silly fetch manifest @img/sharp-darwin-arm64@0.33.5
1043 silly packumentCache full:https://registry.npmjs.org/@img%2fsharp-darwin-arm64 cache-miss
1044 http cache https://registry.npmjs.org/@img%2fsharp-linux-s390x 40ms (cache hit)
1045 silly packumentCache full:https://registry.npmjs.org/@img%2fsharp-linux-s390x set size:65172 disposed:false
1046 silly fetch manifest @img/sharp-linuxmusl-x64@0.33.5
1047 silly packumentCache full:https://registry.npmjs.org/@img%2fsharp-linuxmusl-x64 cache-miss
1048 http cache https://registry.npmjs.org/@img%2fsharp-win32-ia32 209ms (cache hit)
1049 silly packumentCache full:https://registry.npmjs.org/@img%2fsharp-win32-ia32 set size:65002 disposed:false
1050 silly fetch manifest @img/sharp-linuxmusl-arm64@0.33.5
1051 silly packumentCache full:https://registry.npmjs.org/@img%2fsharp-linuxmusl-arm64 cache-miss
1052 http cache https://registry.npmjs.org/@img%2fsharp-darwin-arm64 28ms (cache hit)
1053 silly packumentCache full:https://registry.npmjs.org/@img%2fsharp-darwin-arm64 set size:66119 disposed:false
1054 silly fetch manifest @img/sharp-libvips-linux-arm@1.0.5
1055 silly packumentCache full:https://registry.npmjs.org/@img%2fsharp-libvips-linux-arm cache-miss
1056 http cache https://registry.npmjs.org/@img%2fsharp-linuxmusl-x64 21ms (cache hit)
1057 silly packumentCache full:https://registry.npmjs.org/@img%2fsharp-linuxmusl-x64 set size:67400 disposed:false
1058 silly fetch manifest @img/sharp-libvips-linux-x64@1.0.4
1059 silly packumentCache full:https://registry.npmjs.org/@img%2fsharp-libvips-linux-x64 cache-miss
1060 http cache https://registry.npmjs.org/@img%2fsharp-linuxmusl-arm64 23ms (cache hit)
1061 silly packumentCache full:https://registry.npmjs.org/@img%2fsharp-linuxmusl-arm64 set size:68298 disposed:false
1062 silly fetch manifest @img/sharp-libvips-darwin-x64@1.0.4
1063 silly packumentCache full:https://registry.npmjs.org/@img%2fsharp-libvips-darwin-x64 cache-miss
1064 http cache https://registry.npmjs.org/@img%2fsharp-libvips-linux-arm 250ms (cache hit)
1065 silly packumentCache full:https://registry.npmjs.org/@img%2fsharp-libvips-linux-arm set size:60739 disposed:false
1066 silly fetch manifest @img/sharp-libvips-linux-arm64@1.0.4
1067 silly packumentCache full:https://registry.npmjs.org/@img%2fsharp-libvips-linux-arm64 cache-miss
1068 http cache https://registry.npmjs.org/@img%2fsharp-libvips-linux-x64 262ms (cache hit)
1069 silly packumentCache full:https://registry.npmjs.org/@img%2fsharp-libvips-linux-x64 set size:58786 disposed:false
1070 silly fetch manifest @img/sharp-libvips-linux-s390x@1.0.4
1071 silly packumentCache full:https://registry.npmjs.org/@img%2fsharp-libvips-linux-s390x cache-miss
1072 http cache https://registry.npmjs.org/@img%2fsharp-libvips-darwin-x64 263ms (cache hit)
1073 silly packumentCache full:https://registry.npmjs.org/@img%2fsharp-libvips-darwin-x64 set size:53986 disposed:false
1074 silly fetch manifest @img/sharp-libvips-darwin-arm64@1.0.4
1075 silly packumentCache full:https://registry.npmjs.org/@img%2fsharp-libvips-darwin-arm64 cache-miss
1076 http cache https://registry.npmjs.org/@img%2fsharp-libvips-linux-arm64 64ms (cache hit)
1077 silly packumentCache full:https://registry.npmjs.org/@img%2fsharp-libvips-linux-arm64 set size:57620 disposed:false
1078 silly fetch manifest @img/sharp-libvips-linuxmusl-x64@1.0.4
1079 silly packumentCache full:https://registry.npmjs.org/@img%2fsharp-libvips-linuxmusl-x64 cache-miss
1080 http cache https://registry.npmjs.org/@img%2fsharp-libvips-linux-s390x 83ms (cache hit)
1081 silly packumentCache full:https://registry.npmjs.org/@img%2fsharp-libvips-linux-s390x set size:53822 disposed:false
1082 silly fetch manifest @img/sharp-libvips-linuxmusl-arm64@1.0.4
1083 silly packumentCache full:https://registry.npmjs.org/@img%2fsharp-libvips-linuxmusl-arm64 cache-miss
1084 http cache https://registry.npmjs.org/@img%2fsharp-libvips-darwin-arm64 72ms (cache hit)
1085 silly packumentCache full:https://registry.npmjs.org/@img%2fsharp-libvips-darwin-arm64 set size:54601 disposed:false
1086 http cache https://registry.npmjs.org/@img%2fsharp-libvips-linuxmusl-x64 61ms (cache hit)
1087 silly packumentCache full:https://registry.npmjs.org/@img%2fsharp-libvips-linuxmusl-x64 set size:55819 disposed:false
1088 http cache https://registry.npmjs.org/@img%2fsharp-libvips-linuxmusl-arm64 108ms (cache hit)
1089 silly packumentCache full:https://registry.npmjs.org/@img%2fsharp-libvips-linuxmusl-arm64 set size:56471 disposed:false
1090 silly placeDep node_modules/@swc/helpers tslib@2.8.1 OK for: @swc/helpers@0.5.15 want: ^2.8.0
1091 silly placeDep node_modules/busboy streamsearch@1.1.0 OK for: busboy@1.6.0 want: ^1.1.0
1092 silly placeDep node_modules/optionator deep-is@0.1.4 OK for: optionator@0.9.4 want: ^0.1.3
1093 silly placeDep node_modules/optionator levn@0.4.1 OK for: optionator@0.9.4 want: ^0.4.1
1094 silly placeDep node_modules/optionator prelude-ls@1.2.1 OK for: optionator@0.9.4 want: ^1.2.1
1095 silly placeDep node_modules/optionator type-check@0.4.0 OK for: optionator@0.9.4 want: ^0.4.0
1096 silly placeDep node_modules/postcss nanoid@3.3.11 OK for: postcss@8.4.31 want: ^3.3.6
1097 silly placeDep node_modules/postcss source-map-js@1.2.1 OK for: postcss@8.4.31 want: ^1.0.2
1098 silly placeDep ROOT scheduler@0.25.0 OK for: react-dom@19.0.0 want: ^0.25.0
1099 silly placeDep node_modules/sharp @img/sharp-darwin-arm64@0.33.5 OK for: sharp@0.33.5 want: 0.33.5
1100 silly placeDep node_modules/sharp @img/sharp-libvips-darwin-arm64@1.0.4 OK for: sharp@0.33.5 want: 1.0.4
1101 silly placeDep node_modules/sharp @img/sharp-libvips-darwin-x64@1.0.4 OK for: sharp@0.33.5 want: 1.0.4
1102 silly placeDep node_modules/sharp @img/sharp-libvips-linux-arm@1.0.5 OK for: sharp@0.33.5 want: 1.0.5
1103 silly placeDep node_modules/sharp @img/sharp-libvips-linux-arm64@1.0.4 OK for: sharp@0.33.5 want: 1.0.4
1104 silly placeDep node_modules/sharp @img/sharp-libvips-linux-s390x@1.0.4 OK for: sharp@0.33.5 want: 1.0.4
1105 silly placeDep node_modules/sharp @img/sharp-libvips-linux-x64@1.0.4 OK for: sharp@0.33.5 want: 1.0.4
1106 silly placeDep node_modules/sharp @img/sharp-libvips-linuxmusl-arm64@1.0.4 OK for: sharp@0.33.5 want: 1.0.4
1107 silly placeDep node_modules/sharp @img/sharp-libvips-linuxmusl-x64@1.0.4 OK for: sharp@0.33.5 want: 1.0.4
1108 silly placeDep node_modules/sharp @img/sharp-linux-arm@0.33.5 OK for: sharp@0.33.5 want: 0.33.5
1109 silly placeDep node_modules/sharp @img/sharp-linux-arm64@0.33.5 OK for: sharp@0.33.5 want: 0.33.5
1110 silly placeDep node_modules/sharp @img/sharp-linux-s390x@0.33.5 OK for: sharp@0.33.5 want: 0.33.5
1111 silly placeDep node_modules/sharp @img/sharp-linux-x64@0.33.5 OK for: sharp@0.33.5 want: 0.33.5
1112 silly placeDep node_modules/sharp @img/sharp-linuxmusl-arm64@0.33.5 OK for: sharp@0.33.5 want: 0.33.5
1113 silly placeDep node_modules/sharp @img/sharp-linuxmusl-x64@0.33.5 OK for: sharp@0.33.5 want: 0.33.5
1114 silly placeDep node_modules/sharp @img/sharp-wasm32@0.33.5 OK for: sharp@0.33.5 want: 0.33.5
1115 silly placeDep node_modules/sharp @img/sharp-win32-ia32@0.33.5 OK for: sharp@0.33.5 want: 0.33.5
1116 silly placeDep node_modules/sharp @img/sharp-win32-x64@0.33.5 OK for: sharp@0.33.5 want: 0.33.5
1117 silly placeDep node_modules/sharp detect-libc@2.1.2 OK for: sharp@0.33.5 want: ^2.0.3
1118 silly placeDep node_modules/sharp semver@7.7.4 OK for: sharp@0.33.5 want: ^7.6.3
1119 silly fetch manifest @emnapi/runtime@^1.2.0
1120 silly packumentCache full:https://registry.npmjs.org/@emnapi%2fruntime cache-miss
1121 http cache https://registry.npmjs.org/@emnapi%2fruntime 23ms (cache hit)
1122 silly packumentCache full:https://registry.npmjs.org/@emnapi%2fruntime set size:103787 disposed:false
1123 silly placeDep node_modules/@eslint/eslintrc argparse@2.0.1 OK for: js-yaml@4.1.1 want: ^2.0.1
1124 silly placeDep node_modules/@eslint/plugin-kit prelude-ls@1.2.1 OK for: levn@0.4.1 want: ^1.2.1
1125 silly placeDep node_modules/@eslint/plugin-kit type-check@0.4.0 OK for: levn@0.4.1 want: ~0.4.0
1126 silly placeDep node_modules/@next/eslint-plugin-next @nodelib/fs.stat@2.0.5 OK for: fast-glob@3.3.1 want: ^2.0.2
1127 silly placeDep node_modules/@next/eslint-plugin-next @nodelib/fs.walk@1.2.8 OK for: fast-glob@3.3.1 want: ^1.2.3
1128 silly placeDep node_modules/@next/eslint-plugin-next glob-parent@5.1.2 OK for: fast-glob@3.3.1 want: ^5.1.2
1129 silly placeDep node_modules/@next/eslint-plugin-next merge2@1.4.1 OK for: fast-glob@3.3.1 want: ^1.3.0
1130 silly placeDep node_modules/@next/eslint-plugin-next micromatch@4.0.8 OK for: fast-glob@3.3.1 want: ^4.0.4
1131 silly fetch manifest fastq@^1.6.0
1132 silly packumentCache full:https://registry.npmjs.org/fastq cache-miss
1133 silly fetch manifest @nodelib/fs.scandir@2.1.5
1134 silly packumentCache full:https://registry.npmjs.org/@nodelib%2ffs.scandir cache-miss
1135 silly fetch manifest braces@^3.0.3
1136 silly packumentCache full:https://registry.npmjs.org/braces cache-miss
1137 http cache https://registry.npmjs.org/@nodelib%2ffs.scandir 198ms (cache hit)
1138 silly packumentCache full:https://registry.npmjs.org/@nodelib%2ffs.scandir set size:49256 disposed:false
1139 silly fetch manifest picomatch@^2.3.1
1140 silly packumentCache full:https://registry.npmjs.org/picomatch cache-hit
1141 http cache https://registry.npmjs.org/fastq 202ms (cache hit)
1142 silly packumentCache full:https://registry.npmjs.org/fastq set size:78301 disposed:false
1143 http cache https://registry.npmjs.org/braces 213ms (cache hit)
1144 silly packumentCache full:https://registry.npmjs.org/braces set size:114529 disposed:false
1145 silly placeDep node_modules/@next/eslint-plugin-next @nodelib/fs.scandir@2.1.5 OK for: @nodelib/fs.walk@1.2.8 want: 2.1.5
1146 silly placeDep node_modules/@next/eslint-plugin-next fastq@1.20.1 OK for: @nodelib/fs.walk@1.2.8 want: ^1.6.0
1147 silly fetch manifest run-parallel@^1.1.9
1148 silly packumentCache full:https://registry.npmjs.org/run-parallel cache-miss
1149 silly fetch manifest reusify@^1.0.4
1150 silly packumentCache full:https://registry.npmjs.org/reusify cache-miss
1151 http cache https://registry.npmjs.org/run-parallel 86ms (cache hit)
1152 silly packumentCache full:https://registry.npmjs.org/run-parallel set size:35172 disposed:false
1153 http cache https://registry.npmjs.org/reusify 96ms (cache hit)
1154 silly packumentCache full:https://registry.npmjs.org/reusify set size:14249 disposed:false
1155 silly placeDep node_modules/@next/eslint-plugin-next run-parallel@1.2.0 OK for: @nodelib/fs.scandir@2.1.5 want: ^1.1.9
1156 silly placeDep node_modules/@next/eslint-plugin-next reusify@1.1.0 OK for: fastq@1.20.1 want: ^1.0.4
1157 silly placeDep node_modules/@next/eslint-plugin-next braces@3.0.3 OK for: micromatch@4.0.8 want: ^3.0.3
1158 silly placeDep node_modules/@next/eslint-plugin-next picomatch@2.3.2 OK for: micromatch@4.0.8 want: ^2.3.1
1159 silly fetch manifest fill-range@^7.1.1
1160 silly packumentCache full:https://registry.npmjs.org/fill-range cache-miss
1161 http cache https://registry.npmjs.org/fill-range 54ms (cache hit)
1162 silly packumentCache full:https://registry.npmjs.org/fill-range set size:90212 disposed:false
1163 silly placeDep node_modules/@next/eslint-plugin-next fill-range@7.1.1 OK for: braces@3.0.3 want: ^7.1.1
1164 silly placeDep node_modules/@typescript-eslint/eslint-plugin @typescript-eslint/types@8.58.0 OK for: @typescript-eslint/scope-manager@8.58.0 want: 8.58.0
1165 silly placeDep node_modules/@typescript-eslint/eslint-plugin @typescript-eslint/typescript-estree@8.58.0 OK for: @typescript-eslint/type-utils@8.58.0 want: 8.58.0
1166 silly placeDep node_modules/@typescript-eslint/eslint-plugin @typescript-eslint/project-service@8.58.0 OK for: @typescript-eslint/typescript-estree@8.58.0 want: 8.58.0
1167 silly placeDep node_modules/@typescript-eslint/eslint-plugin @typescript-eslint/tsconfig-utils@8.58.0 OK for: @typescript-eslint/typescript-estree@8.58.0 want: 8.58.0
1168 silly placeDep node_modules/@typescript-eslint/eslint-plugin minimatch@10.2.5 OK for: @typescript-eslint/typescript-estree@8.58.0 want: ^10.2.2
1169 silly placeDep node_modules/@typescript-eslint/eslint-plugin semver@7.7.4 OK for: @typescript-eslint/typescript-estree@8.58.0 want: ^7.7.3
1170 silly placeDep node_modules/@typescript-eslint/eslint-plugin tinyglobby@0.2.15 OK for: @typescript-eslint/typescript-estree@8.58.0 want: ^0.2.15
1171 silly fetch manifest @typescript-eslint/tsconfig-utils@^8.58.0
1172 silly packumentCache full:https://registry.npmjs.org/@typescript-eslint%2ftsconfig-utils cache-miss
1173 silly fetch manifest brace-expansion@^5.0.5
1174 silly packumentCache full:https://registry.npmjs.org/brace-expansion cache-hit
1175 http cache https://registry.npmjs.org/@typescript-eslint%2ftsconfig-utils 20ms (cache hit)
1176 silly packumentCache full:https://registry.npmjs.org/@typescript-eslint%2ftsconfig-utils set size:1035729 disposed:false
1177 silly placeDep node_modules/@typescript-eslint/eslint-plugin eslint-visitor-keys@5.0.1 OK for: @typescript-eslint/visitor-keys@8.58.0 want: ^5.0.0
1178 silly placeDep node_modules/@typescript-eslint/eslint-plugin brace-expansion@5.0.5 OK for: minimatch@10.2.5 want: ^5.0.5
1179 silly fetch manifest balanced-match@^4.0.2
1180 silly packumentCache full:https://registry.npmjs.org/balanced-match cache-miss
1181 http cache https://registry.npmjs.org/balanced-match 9ms (cache hit)
1182 silly packumentCache full:https://registry.npmjs.org/balanced-match set size:39082 disposed:false
1183 silly placeDep node_modules/@typescript-eslint/eslint-plugin balanced-match@4.0.4 OK for: brace-expansion@5.0.5 want: ^4.0.2
1184 silly placeDep node_modules/@typescript-eslint/eslint-plugin fdir@6.5.0 OK for: tinyglobby@0.2.15 want: ^6.5.0
1185 silly placeDep node_modules/@typescript-eslint/eslint-plugin picomatch@4.0.4 OK for: tinyglobby@0.2.15 want: ^4.0.3
1186 silly placeDep node_modules/@typescript-eslint/parser @typescript-eslint/project-service@8.58.0 OK for: @typescript-eslint/typescript-estree@8.58.0 want: 8.58.0
1187 silly placeDep node_modules/@typescript-eslint/parser @typescript-eslint/tsconfig-utils@8.58.0 OK for: @typescript-eslint/typescript-estree@8.58.0 want: 8.58.0
1188 silly placeDep node_modules/@typescript-eslint/parser minimatch@10.2.5 OK for: @typescript-eslint/typescript-estree@8.58.0 want: ^10.2.2
1189 silly placeDep node_modules/@typescript-eslint/parser semver@7.7.4 OK for: @typescript-eslint/typescript-estree@8.58.0 want: ^7.7.3
1190 silly placeDep node_modules/@typescript-eslint/parser tinyglobby@0.2.15 OK for: @typescript-eslint/typescript-estree@8.58.0 want: ^0.2.15
1191 silly placeDep node_modules/@typescript-eslint/parser ts-api-utils@2.5.0 OK for: @typescript-eslint/typescript-estree@8.58.0 want: ^2.5.0
1192 silly placeDep node_modules/@typescript-eslint/parser eslint-visitor-keys@5.0.1 OK for: @typescript-eslint/visitor-keys@8.58.0 want: ^5.0.0
1193 silly placeDep node_modules/@typescript-eslint/parser brace-expansion@5.0.5 OK for: minimatch@10.2.5 want: ^5.0.5
1194 silly placeDep node_modules/@typescript-eslint/parser balanced-match@4.0.4 OK for: brace-expansion@5.0.5 want: ^4.0.2
1195 silly placeDep node_modules/@typescript-eslint/parser fdir@6.5.0 OK for: tinyglobby@0.2.15 want: ^6.5.0
1196 silly placeDep node_modules/@typescript-eslint/parser picomatch@4.0.4 OK for: tinyglobby@0.2.15 want: ^4.0.3
1197 silly placeDep node_modules/chalk color-convert@2.0.1 OK for: ansi-styles@4.3.0 want: ^2.0.1
1198 silly fetch manifest color-name@~1.1.4
1199 silly packumentCache full:https://registry.npmjs.org/color-name cache-miss
1200 http cache https://registry.npmjs.org/color-name 46ms (cache hit)
1201 silly packumentCache full:https://registry.npmjs.org/color-name set size:19467 disposed:false
1202 silly placeDep node_modules/chalk color-name@1.1.4 OK for: color-convert@2.0.1 want: ~1.1.4
1203 silly placeDep node_modules/eslint-import-resolver-node ms@2.1.3 OK for: debug@3.2.7 want: ^2.1.1
1204 silly placeDep node_modules/eslint-import-resolver-node hasown@2.0.2 OK for: is-core-module@2.16.1 want: ^2.0.2
1205 silly placeDep node_modules/eslint-import-resolver-node function-bind@1.1.2 OK for: hasown@2.0.2 want: ^1.1.2
1206 silly placeDep node_modules/eslint-import-resolver-node supports-preserve-symlinks-flag@1.0.0 OK for: resolve@1.22.11 want: ^1.0.0
1207 silly placeDep node_modules/eslint-import-resolver-typescript resolve-pkg-maps@1.0.0 OK for: get-tsconfig@4.13.7 want: ^1.0.0
1208 silly placeDep node_modules/eslint-import-resolver-typescript semver@7.7.4 OK for: is-bun-module@2.0.0 want: ^7.7.1
1209 silly placeDep node_modules/eslint-import-resolver-typescript fdir@6.5.0 OK for: tinyglobby@0.2.15 want: ^6.5.0
1210 silly placeDep node_modules/eslint-import-resolver-typescript picomatch@4.0.4 OK for: tinyglobby@0.2.15 want: ^4.0.3
1211 silly placeDep node_modules/eslint-import-resolver-typescript @unrs/resolver-binding-android-arm-eabi@1.11.1 OK for: unrs-resolver@1.11.1 want: 1.11.1
1212 silly placeDep node_modules/eslint-import-resolver-typescript @unrs/resolver-binding-android-arm64@1.11.1 OK for: unrs-resolver@1.11.1 want: 1.11.1
1213 silly placeDep node_modules/eslint-import-resolver-typescript @unrs/resolver-binding-darwin-arm64@1.11.1 OK for: unrs-resolver@1.11.1 want: 1.11.1
1214 silly placeDep node_modules/eslint-import-resolver-typescript @unrs/resolver-binding-freebsd-x64@1.11.1 OK for: unrs-resolver@1.11.1 want: 1.11.1
1215 silly placeDep node_modules/eslint-import-resolver-typescript @unrs/resolver-binding-linux-arm-gnueabihf@1.11.1 OK for: unrs-resolver@1.11.1 want: 1.11.1
1216 silly placeDep node_modules/eslint-import-resolver-typescript @unrs/resolver-binding-linux-arm-musleabihf@1.11.1 OK for: unrs-resolver@1.11.1 want: 1.11.1
1217 silly placeDep node_modules/eslint-import-resolver-typescript @unrs/resolver-binding-linux-arm64-gnu@1.11.1 OK for: unrs-resolver@1.11.1 want: 1.11.1
1218 silly placeDep node_modules/eslint-import-resolver-typescript @unrs/resolver-binding-linux-arm64-musl@1.11.1 OK for: unrs-resolver@1.11.1 want: 1.11.1
1219 silly placeDep node_modules/eslint-import-resolver-typescript @unrs/resolver-binding-linux-ppc64-gnu@1.11.1 OK for: unrs-resolver@1.11.1 want: 1.11.1
1220 silly placeDep node_modules/eslint-import-resolver-typescript @unrs/resolver-binding-linux-riscv64-gnu@1.11.1 OK for: unrs-resolver@1.11.1 want: 1.11.1
1221 silly placeDep node_modules/eslint-import-resolver-typescript @unrs/resolver-binding-linux-riscv64-musl@1.11.1 OK for: unrs-resolver@1.11.1 want: 1.11.1
1222 silly placeDep node_modules/eslint-import-resolver-typescript @unrs/resolver-binding-linux-s390x-gnu@1.11.1 OK for: unrs-resolver@1.11.1 want: 1.11.1
1223 silly placeDep node_modules/eslint-import-resolver-typescript @unrs/resolver-binding-linux-x64-gnu@1.11.1 OK for: unrs-resolver@1.11.1 want: 1.11.1
1224 silly placeDep node_modules/eslint-import-resolver-typescript @unrs/resolver-binding-linux-x64-musl@1.11.1 OK for: unrs-resolver@1.11.1 want: 1.11.1
1225 silly placeDep node_modules/eslint-import-resolver-typescript @unrs/resolver-binding-wasm32-wasi@1.11.1 OK for: unrs-resolver@1.11.1 want: 1.11.1
1226 silly placeDep node_modules/eslint-import-resolver-typescript @unrs/resolver-binding-win32-arm64-msvc@1.11.1 OK for: unrs-resolver@1.11.1 want: 1.11.1
1227 silly placeDep node_modules/eslint-import-resolver-typescript @unrs/resolver-binding-win32-ia32-msvc@1.11.1 OK for: unrs-resolver@1.11.1 want: 1.11.1
1228 silly placeDep node_modules/eslint-import-resolver-typescript @unrs/resolver-binding-win32-x64-msvc@1.11.1 OK for: unrs-resolver@1.11.1 want: 1.11.1
1229 silly placeDep node_modules/eslint-import-resolver-typescript napi-postinstall@0.3.4 OK for: unrs-resolver@1.11.1 want: ^0.3.0
1230 silly fetch manifest @napi-rs/wasm-runtime@^0.2.11
1231 silly packumentCache full:https://registry.npmjs.org/@napi-rs%2fwasm-runtime cache-miss
1232 http cache https://registry.npmjs.org/@napi-rs%2fwasm-runtime 28ms (cache hit)
1233 silly packumentCache full:https://registry.npmjs.org/@napi-rs%2fwasm-runtime set size:66061 disposed:false
1234 silly placeDep node_modules/eslint-import-resolver-typescript @napi-rs/wasm-runtime@0.2.12 OK for: @unrs/resolver-binding-wasm32-wasi@1.11.1 want: ^0.2.11
1235 silly fetch manifest @emnapi/core@^1.4.3
1236 silly packumentCache full:https://registry.npmjs.org/@emnapi%2fcore cache-miss
1237 silly fetch manifest @emnapi/runtime@^1.4.3
1238 silly packumentCache full:https://registry.npmjs.org/@emnapi%2fruntime cache-hit
1239 silly fetch manifest @tybys/wasm-util@^0.10.0
1240 silly packumentCache full:https://registry.npmjs.org/@tybys%2fwasm-util cache-miss
1241 http cache https://registry.npmjs.org/@emnapi%2fcore 20ms (cache hit)
1242 silly packumentCache full:https://registry.npmjs.org/@emnapi%2fcore set size:101347 disposed:false
1243 http cache https://registry.npmjs.org/@tybys%2fwasm-util 135ms (cache hit)
1244 silly packumentCache full:https://registry.npmjs.org/@tybys%2fwasm-util set size:55410 disposed:false
1245 silly placeDep node_modules/eslint-import-resolver-typescript @emnapi/core@1.9.1 OK for: @napi-rs/wasm-runtime@0.2.12 want: ^1.4.3
1246 silly placeDep node_modules/eslint-import-resolver-typescript @emnapi/runtime@1.9.1 OK for: @napi-rs/wasm-runtime@0.2.12 want: ^1.4.3
1247 silly placeDep node_modules/eslint-import-resolver-typescript @tybys/wasm-util@0.10.1 OK for: @napi-rs/wasm-runtime@0.2.12 want: ^0.10.0
1248 silly fetch manifest @emnapi/wasi-threads@1.2.0
1249 silly packumentCache full:https://registry.npmjs.org/@emnapi%2fwasi-threads cache-miss
1250 silly fetch manifest tslib@^2.4.0
1251 silly packumentCache full:https://registry.npmjs.org/tslib cache-hit
1252 silly fetch manifest tslib@^2.4.0
1253 silly packumentCache full:https://registry.npmjs.org/tslib cache-hit
1254 http cache https://registry.npmjs.org/@emnapi%2fwasi-threads 81ms (cache hit)
1255 silly packumentCache full:https://registry.npmjs.org/@emnapi%2fwasi-threads set size:21830 disposed:false
1256 silly placeDep node_modules/eslint-import-resolver-typescript @emnapi/wasi-threads@1.2.0 OK for: @emnapi/core@1.9.1 want: 1.2.0
1257 silly placeDep node_modules/eslint-import-resolver-typescript tslib@2.8.1 OK for: @emnapi/core@1.9.1 want: ^2.4.0
1258 silly placeDep node_modules/eslint-plugin-import call-bind@1.0.8 OK for: array-includes@3.1.9 want: ^1.0.8
1259 silly placeDep node_modules/eslint-plugin-import call-bound@1.0.4 OK for: array-includes@3.1.9 want: ^1.0.4
1260 silly placeDep node_modules/eslint-plugin-import define-properties@1.2.1 OK for: array-includes@3.1.9 want: ^1.2.1
1261 silly placeDep node_modules/eslint-plugin-import es-abstract@1.24.1 OK for: array-includes@3.1.9 want: ^1.24.0
1262 silly placeDep node_modules/eslint-plugin-import es-object-atoms@1.1.1 OK for: array-includes@3.1.9 want: ^1.1.1
1263 silly placeDep node_modules/eslint-plugin-import get-intrinsic@1.3.0 OK for: array-includes@3.1.9 want: ^1.3.0
1264 silly placeDep node_modules/eslint-plugin-import is-string@1.1.1 OK for: array-includes@3.1.9 want: ^1.1.1
1265 silly placeDep node_modules/eslint-plugin-import math-intrinsics@1.1.0 OK for: array-includes@3.1.9 want: ^1.1.0
1266 silly fetch manifest call-bind-apply-helpers@^1.0.0
1267 silly packumentCache full:https://registry.npmjs.org/call-bind-apply-helpers cache-miss
1268 silly fetch manifest es-define-property@^1.0.0
1269 silly packumentCache full:https://registry.npmjs.org/es-define-property cache-miss
1270 silly fetch manifest get-intrinsic@^1.2.4
1271 silly packumentCache full:https://registry.npmjs.org/get-intrinsic cache-hit
1272 silly fetch manifest set-function-length@^1.2.2
1273 silly packumentCache full:https://registry.npmjs.org/set-function-length cache-miss
1274 http cache https://registry.npmjs.org/call-bind-apply-helpers 175ms (cache hit)
1275 silly packumentCache full:https://registry.npmjs.org/call-bind-apply-helpers set size:12744 disposed:false
1276 silly fetch manifest call-bind-apply-helpers@^1.0.2
1277 silly packumentCache full:https://registry.npmjs.org/call-bind-apply-helpers cache-hit
1278 silly fetch manifest define-data-property@^1.0.1
1279 silly packumentCache full:https://registry.npmjs.org/define-data-property cache-miss
1280 http cache https://registry.npmjs.org/es-define-property 181ms (cache hit)
1281 silly packumentCache full:https://registry.npmjs.org/es-define-property set size:8542 disposed:false
1282 silly fetch manifest has-property-descriptors@^1.0.0
1283 silly packumentCache full:https://registry.npmjs.org/has-property-descriptors cache-hit
1284 silly fetch manifest array-buffer-byte-length@^1.0.2
1285 silly packumentCache full:https://registry.npmjs.org/array-buffer-byte-length cache-miss
1286 http cache https://registry.npmjs.org/set-function-length 231ms (cache hit)
1287 silly packumentCache full:https://registry.npmjs.org/set-function-length set size:24261 disposed:false
1288 silly fetch manifest arraybuffer.prototype.slice@^1.0.4
1289 silly packumentCache full:https://registry.npmjs.org/arraybuffer.prototype.slice cache-miss
1290 http cache https://registry.npmjs.org/define-data-property 165ms (cache hit)
1291 silly packumentCache full:https://registry.npmjs.org/define-data-property set size:28048 disposed:false
1292 silly fetch manifest available-typed-arrays@^1.0.7
1293 silly packumentCache full:https://registry.npmjs.org/available-typed-arrays cache-miss
1294 http cache https://registry.npmjs.org/array-buffer-byte-length 164ms (cache hit)
1295 silly packumentCache full:https://registry.npmjs.org/array-buffer-byte-length set size:13099 disposed:false
1296 silly fetch manifest data-view-buffer@^1.0.2
1297 silly packumentCache full:https://registry.npmjs.org/data-view-buffer cache-miss
1298 http cache https://registry.npmjs.org/arraybuffer.prototype.slice 87ms (cache hit)
1299 silly packumentCache full:https://registry.npmjs.org/arraybuffer.prototype.slice set size:20917 disposed:false
1300 silly fetch manifest data-view-byte-length@^1.0.2
1301 silly packumentCache full:https://registry.npmjs.org/data-view-byte-length cache-miss
1302 http cache https://registry.npmjs.org/available-typed-arrays 271ms (cache hit)
1303 silly packumentCache full:https://registry.npmjs.org/available-typed-arrays set size:31390 disposed:false
1304 silly fetch manifest data-view-byte-offset@^1.0.1
1305 silly packumentCache full:https://registry.npmjs.org/data-view-byte-offset cache-miss
1306 http cache https://registry.npmjs.org/data-view-buffer 316ms (cache hit)
1307 silly packumentCache full:https://registry.npmjs.org/data-view-buffer set size:11789 disposed:false
1308 silly fetch manifest es-define-property@^1.0.1
1309 silly packumentCache full:https://registry.npmjs.org/es-define-property cache-hit
1310 silly fetch manifest es-to-primitive@^1.3.0
1311 silly packumentCache full:https://registry.npmjs.org/es-to-primitive cache-miss
1312 http cache https://registry.npmjs.org/data-view-byte-length 311ms (cache hit)
1313 silly packumentCache full:https://registry.npmjs.org/data-view-byte-length set size:12269 disposed:false
1314 silly fetch manifest function.prototype.name@^1.1.8
1315 silly packumentCache full:https://registry.npmjs.org/function.prototype.name cache-miss
1316 http cache https://registry.npmjs.org/data-view-byte-offset 72ms (cache hit)
1317 silly packumentCache full:https://registry.npmjs.org/data-view-byte-offset set size:9200 disposed:false
1318 silly fetch manifest get-proto@^1.0.1
1319 silly packumentCache full:https://registry.npmjs.org/get-proto cache-miss
1320 http cache https://registry.npmjs.org/function.prototype.name 35ms (cache hit)
1321 silly packumentCache full:https://registry.npmjs.org/function.prototype.name set size:44756 disposed:false
1322 silly fetch manifest get-symbol-description@^1.1.0
1323 silly packumentCache full:https://registry.npmjs.org/get-symbol-description cache-miss
1324 http cache https://registry.npmjs.org/es-to-primitive 241ms (cache hit)
1325 silly packumentCache full:https://registry.npmjs.org/es-to-primitive set size:22465 disposed:false
1326 silly fetch manifest is-array-buffer@^3.0.5
1327 silly packumentCache full:https://registry.npmjs.org/is-array-buffer cache-miss
1328 http cache https://registry.npmjs.org/get-proto 250ms (cache hit)
1329 silly packumentCache full:https://registry.npmjs.org/get-proto set size:8300 disposed:false
1330 silly fetch manifest is-callable@^1.2.7
1331 silly packumentCache full:https://registry.npmjs.org/is-callable cache-miss
1332 http cache https://registry.npmjs.org/get-symbol-description 69ms (cache hit)
1333 silly packumentCache full:https://registry.npmjs.org/get-symbol-description set size:15540 disposed:false
1334 silly fetch manifest is-data-view@^1.0.2
1335 silly packumentCache full:https://registry.npmjs.org/is-data-view cache-miss
1336 http cache https://registry.npmjs.org/is-array-buffer 51ms (cache hit)
1337 silly packumentCache full:https://registry.npmjs.org/is-array-buffer set size:33562 disposed:false
1338 silly fetch manifest is-negative-zero@^2.0.3
1339 silly packumentCache full:https://registry.npmjs.org/is-negative-zero cache-miss
1340 http cache https://registry.npmjs.org/is-callable 61ms (cache hit)
1341 silly packumentCache full:https://registry.npmjs.org/is-callable set size:66606 disposed:false
1342 silly fetch manifest is-set@^2.0.3
1343 silly packumentCache full:https://registry.npmjs.org/is-set cache-miss
1344 http cache https://registry.npmjs.org/is-data-view 235ms (cache hit)
1345 silly packumentCache full:https://registry.npmjs.org/is-data-view set size:13756 disposed:false
1346 silly fetch manifest is-shared-array-buffer@^1.0.4
1347 silly packumentCache full:https://registry.npmjs.org/is-shared-array-buffer cache-miss
1348 http cache https://registry.npmjs.org/is-negative-zero 265ms (cache hit)
1349 silly packumentCache full:https://registry.npmjs.org/is-negative-zero set size:22152 disposed:false
1350 silly fetch manifest is-typed-array@^1.1.15
1351 silly packumentCache full:https://registry.npmjs.org/is-typed-array cache-miss
1352 http cache https://registry.npmjs.org/is-set 230ms (cache hit)
1353 silly packumentCache full:https://registry.npmjs.org/is-set set size:16614 disposed:false
1354 silly fetch manifest is-weakref@^1.1.1
1355 silly packumentCache full:https://registry.npmjs.org/is-weakref cache-miss
1356 http cache https://registry.npmjs.org/is-shared-array-buffer 228ms (cache hit)
1357 silly packumentCache full:https://registry.npmjs.org/is-shared-array-buffer set size:19880 disposed:false
1358 silly fetch manifest object-inspect@^1.13.4
1359 silly packumentCache full:https://registry.npmjs.org/object-inspect cache-miss
1360 http cache https://registry.npmjs.org/is-typed-array 40ms (cache hit)
1361 silly packumentCache full:https://registry.npmjs.org/is-typed-array set size:79965 disposed:false
1362 silly fetch manifest object.assign@^4.1.7
1363 silly packumentCache full:https://registry.npmjs.org/object.assign cache-miss
1364 http cache https://registry.npmjs.org/is-weakref 27ms (cache hit)
1365 silly packumentCache full:https://registry.npmjs.org/is-weakref set size:18473 disposed:false
1366 silly fetch manifest own-keys@^1.0.1
1367 silly packumentCache full:https://registry.npmjs.org/own-keys cache-miss
1368 http cache https://registry.npmjs.org/object-inspect 24ms (cache hit)
1369 silly packumentCache full:https://registry.npmjs.org/object-inspect set size:101912 disposed:false
1370 silly fetch manifest regexp.prototype.flags@^1.5.4
1371 silly packumentCache full:https://registry.npmjs.org/regexp.prototype.flags cache-hit
1372 silly fetch manifest safe-push-apply@^1.0.0
1373 silly packumentCache full:https://registry.npmjs.org/safe-push-apply cache-miss
1374 http cache https://registry.npmjs.org/object.assign 209ms (cache hit)
1375 silly packumentCache full:https://registry.npmjs.org/object.assign set size:85907 disposed:false
1376 silly fetch manifest safe-regex-test@^1.1.0
1377 silly packumentCache full:https://registry.npmjs.org/safe-regex-test cache-hit
1378 silly fetch manifest set-proto@^1.0.0
1379 silly packumentCache full:https://registry.npmjs.org/set-proto cache-miss
1380 http cache https://registry.npmjs.org/own-keys 215ms (cache hit)
1381 silly packumentCache full:https://registry.npmjs.org/own-keys set size:8735 disposed:false
1382 silly fetch manifest stop-iteration-iterator@^1.1.0
1383 silly packumentCache full:https://registry.npmjs.org/stop-iteration-iterator cache-miss
1384 http cache https://registry.npmjs.org/safe-push-apply 42ms (cache hit)
1385 silly packumentCache full:https://registry.npmjs.org/safe-push-apply set size:5759 disposed:false
1386 silly fetch manifest string.prototype.trim@^1.2.10
1387 silly packumentCache full:https://registry.npmjs.org/string.prototype.trim cache-miss
1388 http cache https://registry.npmjs.org/set-proto 25ms (cache hit)
1389 silly packumentCache full:https://registry.npmjs.org/set-proto set size:5334 disposed:false
1390 silly fetch manifest string.prototype.trimstart@^1.0.8
1391 silly packumentCache full:https://registry.npmjs.org/string.prototype.trimstart cache-miss
1392 http cache https://registry.npmjs.org/stop-iteration-iterator 33ms (cache hit)
1393 silly packumentCache full:https://registry.npmjs.org/stop-iteration-iterator set size:9160 disposed:false
1394 silly fetch manifest typed-array-buffer@^1.0.3
1395 silly packumentCache full:https://registry.npmjs.org/typed-array-buffer cache-miss
1396 http cache https://registry.npmjs.org/string.prototype.trim 34ms (cache hit)
1397 silly packumentCache full:https://registry.npmjs.org/string.prototype.trim set size:54116 disposed:false
1398 silly fetch manifest typed-array-byte-length@^1.0.3
1399 silly packumentCache full:https://registry.npmjs.org/typed-array-byte-length cache-miss
1400 http cache https://registry.npmjs.org/string.prototype.trimstart 41ms (cache hit)
1401 silly packumentCache full:https://registry.npmjs.org/string.prototype.trimstart set size:38291 disposed:false
1402 silly fetch manifest typed-array-byte-offset@^1.0.4
1403 silly packumentCache full:https://registry.npmjs.org/typed-array-byte-offset cache-miss
1404 http cache https://registry.npmjs.org/typed-array-byte-length 236ms (cache hit)
1405 silly packumentCache full:https://registry.npmjs.org/typed-array-byte-length set size:18382 disposed:false
1406 silly fetch manifest typed-array-length@^1.0.7
1407 silly packumentCache full:https://registry.npmjs.org/typed-array-length cache-miss
1408 http cache https://registry.npmjs.org/typed-array-buffer 255ms (cache hit)
1409 silly packumentCache full:https://registry.npmjs.org/typed-array-buffer set size:14045 disposed:false
1410 silly fetch manifest unbox-primitive@^1.1.0
1411 silly packumentCache full:https://registry.npmjs.org/unbox-primitive cache-miss
1412 http cache https://registry.npmjs.org/typed-array-byte-offset 247ms (cache hit)
1413 silly packumentCache full:https://registry.npmjs.org/typed-array-byte-offset set size:21714 disposed:false
1414 silly fetch manifest which-typed-array@^1.1.19
1415 silly packumentCache full:https://registry.npmjs.org/which-typed-array cache-miss
1416 http cache https://registry.npmjs.org/unbox-primitive 173ms (cache hit)
1417 silly packumentCache full:https://registry.npmjs.org/unbox-primitive set size:15669 disposed:false
1418 silly fetch manifest has-tostringtag@^1.0.2
1419 silly packumentCache full:https://registry.npmjs.org/has-tostringtag cache-miss
1420 http cache https://registry.npmjs.org/typed-array-length 213ms (cache hit)
1421 silly packumentCache full:https://registry.npmjs.org/typed-array-length set size:32113 disposed:false
1422 http cache https://registry.npmjs.org/which-typed-array 205ms (cache hit)
1423 silly packumentCache full:https://registry.npmjs.org/which-typed-array set size:93605 disposed:false
1424 http cache https://registry.npmjs.org/has-tostringtag 20ms (cache hit)
1425 silly packumentCache full:https://registry.npmjs.org/has-tostringtag set size:13945 disposed:false
1426 silly placeDep node_modules/eslint-plugin-import es-errors@1.3.0 OK for: array.prototype.findlastindex@1.2.6 want: ^1.3.0
1427 silly placeDep node_modules/eslint-plugin-import es-shim-unscopables@1.1.0 OK for: array.prototype.findlastindex@1.2.6 want: ^1.1.0
1428 silly placeDep node_modules/eslint-plugin-import call-bind-apply-helpers@1.0.2 OK for: call-bind@1.0.8 want: ^1.0.0
1429 silly placeDep node_modules/eslint-plugin-import es-define-property@1.0.1 OK for: call-bind@1.0.8 want: ^1.0.0
1430 silly placeDep node_modules/eslint-plugin-import set-function-length@1.2.2 OK for: call-bind@1.0.8 want: ^1.2.2
1431 silly fetch manifest define-data-property@^1.1.4
1432 silly packumentCache full:https://registry.npmjs.org/define-data-property cache-hit
1433 silly fetch manifest gopd@^1.0.1
1434 silly packumentCache full:https://registry.npmjs.org/gopd cache-hit
1435 silly placeDep node_modules/eslint-plugin-import function-bind@1.1.2 OK for: call-bind-apply-helpers@1.0.2 want: ^1.1.2
1436 silly placeDep node_modules/eslint-plugin-import ms@2.1.3 OK for: debug@3.2.7 want: ^2.1.1
1437 silly placeDep node_modules/eslint-plugin-import define-data-property@1.1.4 OK for: define-properties@1.2.1 want: ^1.0.1
1438 silly placeDep node_modules/eslint-plugin-import has-property-descriptors@1.0.2 OK for: define-properties@1.2.1 want: ^1.0.0
1439 silly placeDep node_modules/eslint-plugin-import object-keys@1.1.1 OK for: define-properties@1.2.1 want: ^1.1.1
1440 silly placeDep node_modules/eslint-plugin-import gopd@1.2.0 OK for: define-data-property@1.1.4 want: ^1.0.1
1441 silly placeDep node_modules/eslint-plugin-import array-buffer-byte-length@1.0.2 OK for: es-abstract@1.24.1 want: ^1.0.2
1442 silly placeDep node_modules/eslint-plugin-import arraybuffer.prototype.slice@1.0.4 OK for: es-abstract@1.24.1 want: ^1.0.4
1443 silly placeDep node_modules/eslint-plugin-import available-typed-arrays@1.0.7 OK for: es-abstract@1.24.1 want: ^1.0.7
1444 silly placeDep node_modules/eslint-plugin-import data-view-buffer@1.0.2 OK for: es-abstract@1.24.1 want: ^1.0.2
1445 silly placeDep node_modules/eslint-plugin-import data-view-byte-length@1.0.2 OK for: es-abstract@1.24.1 want: ^1.0.2
1446 silly placeDep node_modules/eslint-plugin-import data-view-byte-offset@1.0.1 OK for: es-abstract@1.24.1 want: ^1.0.1
1447 silly placeDep node_modules/eslint-plugin-import es-set-tostringtag@2.1.0 OK for: es-abstract@1.24.1 want: ^2.1.0
1448 silly placeDep node_modules/eslint-plugin-import es-to-primitive@1.3.0 OK for: es-abstract@1.24.1 want: ^1.3.0
1449 silly placeDep node_modules/eslint-plugin-import function.prototype.name@1.1.8 OK for: es-abstract@1.24.1 want: ^1.1.8
1450 silly placeDep node_modules/eslint-plugin-import get-proto@1.0.1 OK for: es-abstract@1.24.1 want: ^1.0.1
1451 silly placeDep node_modules/eslint-plugin-import get-symbol-description@1.1.0 OK for: es-abstract@1.24.1 want: ^1.1.0
1452 silly placeDep node_modules/eslint-plugin-import globalthis@1.0.4 OK for: es-abstract@1.24.1 want: ^1.0.4
1453 silly placeDep node_modules/eslint-plugin-import has-proto@1.2.0 OK for: es-abstract@1.24.1 want: ^1.2.0
1454 silly placeDep node_modules/eslint-plugin-import has-symbols@1.1.0 OK for: es-abstract@1.24.1 want: ^1.1.0
1455 silly placeDep node_modules/eslint-plugin-import internal-slot@1.1.0 OK for: es-abstract@1.24.1 want: ^1.1.0
1456 silly placeDep node_modules/eslint-plugin-import is-array-buffer@3.0.5 OK for: es-abstract@1.24.1 want: ^3.0.5
1457 silly placeDep node_modules/eslint-plugin-import is-callable@1.2.7 OK for: es-abstract@1.24.1 want: ^1.2.7
1458 silly placeDep node_modules/eslint-plugin-import is-data-view@1.0.2 OK for: es-abstract@1.24.1 want: ^1.0.2
1459 silly placeDep node_modules/eslint-plugin-import is-negative-zero@2.0.3 OK for: es-abstract@1.24.1 want: ^2.0.3
1460 silly placeDep node_modules/eslint-plugin-import is-regex@1.2.1 OK for: es-abstract@1.24.1 want: ^1.2.1
1461 silly placeDep node_modules/eslint-plugin-import is-set@2.0.3 OK for: es-abstract@1.24.1 want: ^2.0.3
1462 silly placeDep node_modules/eslint-plugin-import is-shared-array-buffer@1.0.4 OK for: es-abstract@1.24.1 want: ^1.0.4
1463 silly placeDep node_modules/eslint-plugin-import is-typed-array@1.1.15 OK for: es-abstract@1.24.1 want: ^1.1.15
1464 silly placeDep node_modules/eslint-plugin-import is-weakref@1.1.1 OK for: es-abstract@1.24.1 want: ^1.1.1
1465 silly placeDep node_modules/eslint-plugin-import object-inspect@1.13.4 OK for: es-abstract@1.24.1 want: ^1.13.4
1466 silly placeDep node_modules/eslint-plugin-import object.assign@4.1.7 OK for: es-abstract@1.24.1 want: ^4.1.7
1467 silly placeDep node_modules/eslint-plugin-import own-keys@1.0.1 OK for: es-abstract@1.24.1 want: ^1.0.1
1468 silly placeDep node_modules/eslint-plugin-import regexp.prototype.flags@1.5.4 OK for: es-abstract@1.24.1 want: ^1.5.4
1469 silly placeDep node_modules/eslint-plugin-import safe-array-concat@1.1.3 OK for: es-abstract@1.24.1 want: ^1.1.3
1470 silly placeDep node_modules/eslint-plugin-import safe-push-apply@1.0.0 OK for: es-abstract@1.24.1 want: ^1.0.0
1471 silly placeDep node_modules/eslint-plugin-import safe-regex-test@1.1.0 OK for: es-abstract@1.24.1 want: ^1.1.0
1472 silly placeDep node_modules/eslint-plugin-import set-proto@1.0.0 OK for: es-abstract@1.24.1 want: ^1.0.0
1473 silly placeDep node_modules/eslint-plugin-import stop-iteration-iterator@1.1.0 OK for: es-abstract@1.24.1 want: ^1.1.0
1474 silly placeDep node_modules/eslint-plugin-import string.prototype.trim@1.2.10 OK for: es-abstract@1.24.1 want: ^1.2.10
1475 silly placeDep node_modules/eslint-plugin-import string.prototype.trimstart@1.0.8 OK for: es-abstract@1.24.1 want: ^1.0.8
1476 silly placeDep node_modules/eslint-plugin-import typed-array-buffer@1.0.3 OK for: es-abstract@1.24.1 want: ^1.0.3
1477 silly placeDep node_modules/eslint-plugin-import typed-array-byte-length@1.0.3 OK for: es-abstract@1.24.1 want: ^1.0.3
1478 silly placeDep node_modules/eslint-plugin-import typed-array-byte-offset@1.0.4 OK for: es-abstract@1.24.1 want: ^1.0.4
1479 silly placeDep node_modules/eslint-plugin-import typed-array-length@1.0.7 OK for: es-abstract@1.24.1 want: ^1.0.7
1480 silly placeDep node_modules/eslint-plugin-import unbox-primitive@1.1.0 OK for: es-abstract@1.24.1 want: ^1.1.0
1481 silly placeDep node_modules/eslint-plugin-import which-typed-array@1.1.20 OK for: es-abstract@1.24.1 want: ^1.1.19
1482 silly fetch manifest is-array-buffer@^3.0.4
1483 silly packumentCache full:https://registry.npmjs.org/is-array-buffer cache-hit
1484 silly fetch manifest possible-typed-array-names@^1.0.0
1485 silly packumentCache full:https://registry.npmjs.org/possible-typed-array-names cache-miss
1486 silly fetch manifest is-data-view@^1.0.1
1487 silly packumentCache full:https://registry.npmjs.org/is-data-view cache-hit
1488 silly fetch manifest is-date-object@^1.0.5
1489 silly packumentCache full:https://registry.npmjs.org/is-date-object cache-miss
1490 silly fetch manifest is-symbol@^1.0.4
1491 silly packumentCache full:https://registry.npmjs.org/is-symbol cache-miss
1492 http cache https://registry.npmjs.org/possible-typed-array-names 118ms (cache hit)
1493 silly packumentCache full:https://registry.npmjs.org/possible-typed-array-names set size:9167 disposed:false
1494 silly fetch manifest functions-have-names@^1.2.3
1495 silly packumentCache full:https://registry.npmjs.org/functions-have-names cache-miss
1496 http cache https://registry.npmjs.org/is-symbol 89ms (cache hit)
1497 silly packumentCache full:https://registry.npmjs.org/is-symbol set size:22675 disposed:false
1498 silly fetch manifest dunder-proto@^1.0.1
1499 silly packumentCache full:https://registry.npmjs.org/dunder-proto cache-miss
1500 http cache https://registry.npmjs.org/is-date-object 152ms (cache hit)
1501 silly packumentCache full:https://registry.npmjs.org/is-date-object set size:25050 disposed:false
1502 silly fetch manifest dunder-proto@^1.0.0
1503 silly packumentCache full:https://registry.npmjs.org/dunder-proto cache-miss
1504 http cache https://registry.npmjs.org/dunder-proto 13ms (cache hit)
1505 silly packumentCache full:https://registry.npmjs.org/dunder-proto set size:8256 disposed:false
1506 silly fetch manifest is-typed-array@^1.1.13
1507 silly packumentCache full:https://registry.npmjs.org/is-typed-array cache-hit
1508 silly fetch manifest which-typed-array@^1.1.16
1509 silly packumentCache full:https://registry.npmjs.org/which-typed-array cache-hit
1510 silly fetch manifest dunder-proto@^1.0.1
1511 silly packumentCache full:https://registry.npmjs.org/dunder-proto cache-hit
1512 silly fetch manifest reflect.getprototypeof@^1.0.9
1513 silly packumentCache full:https://registry.npmjs.org/reflect.getprototypeof cache-miss
1514 http cache https://registry.npmjs.org/functions-have-names 90ms (cache hit)
1515 silly packumentCache full:https://registry.npmjs.org/functions-have-names set size:24196 disposed:false
1516 silly fetch manifest reflect.getprototypeof@^1.0.6
1517 silly packumentCache full:https://registry.npmjs.org/reflect.getprototypeof cache-miss
1518 http cache https://registry.npmjs.org/dunder-proto 120ms (cache hit)
1519 silly packumentCache full:https://registry.npmjs.org/dunder-proto set size:8256 disposed:false
1520 silly packumentCache full:https://registry.npmjs.org/dunder-proto dispose
1521 http cache https://registry.npmjs.org/reflect.getprototypeof 107ms (cache hit)
1522 silly packumentCache full:https://registry.npmjs.org/reflect.getprototypeof set size:44083 disposed:false
1523 http cache https://registry.npmjs.org/reflect.getprototypeof 121ms (cache hit)
1524 silly packumentCache full:https://registry.npmjs.org/reflect.getprototypeof set size:44083 disposed:false
1525 silly packumentCache full:https://registry.npmjs.org/reflect.getprototypeof dispose
1526 silly placeDep node_modules/eslint-plugin-import possible-typed-array-names@1.1.0 OK for: available-typed-arrays@1.0.7 want: ^1.0.0
1527 silly placeDep node_modules/eslint-plugin-import has-tostringtag@1.0.2 OK for: es-set-tostringtag@2.1.0 want: ^1.0.2
1528 silly placeDep node_modules/eslint-plugin-import is-date-object@1.1.0 OK for: es-to-primitive@1.3.0 want: ^1.0.5
1529 silly placeDep node_modules/eslint-plugin-import is-symbol@1.1.1 OK for: es-to-primitive@1.3.0 want: ^1.0.4
1530 silly placeDep node_modules/eslint-plugin-import functions-have-names@1.2.3 OK for: function.prototype.name@1.1.8 want: ^1.2.3
1531 silly placeDep node_modules/eslint-plugin-import dunder-proto@1.0.1 OK for: get-proto@1.0.1 want: ^1.0.1
1532 silly placeDep node_modules/eslint-plugin-import side-channel@1.1.0 OK for: internal-slot@1.1.0 want: ^1.1.0
1533 silly fetch manifest side-channel-list@^1.0.0
1534 silly packumentCache full:https://registry.npmjs.org/side-channel-list cache-miss
1535 http cache https://registry.npmjs.org/side-channel-list 17ms (cache hit)
1536 silly packumentCache full:https://registry.npmjs.org/side-channel-list set size:6005 disposed:false
1537 silly placeDep node_modules/eslint-plugin-import side-channel-list@1.0.0 OK for: side-channel@1.1.0 want: ^1.0.0
1538 silly placeDep node_modules/eslint-plugin-import json5@1.0.2 OK for: tsconfig-paths@3.15.0 want: ^1.0.2
1539 silly placeDep node_modules/eslint-plugin-import minimist@1.2.8 OK for: tsconfig-paths@3.15.0 want: ^1.2.6
1540 silly fetch manifest minimist@^1.2.0
1541 silly packumentCache full:https://registry.npmjs.org/minimist cache-hit
1542 silly placeDep node_modules/eslint-plugin-import reflect.getprototypeof@1.0.10 OK for: typed-array-byte-offset@1.0.4 want: ^1.0.9
1543 silly placeDep node_modules/eslint-plugin-jsx-a11y call-bind@1.0.8 OK for: array-includes@3.1.9 want: ^1.0.8
1544 silly placeDep node_modules/eslint-plugin-jsx-a11y call-bound@1.0.4 OK for: array-includes@3.1.9 want: ^1.0.4
1545 silly placeDep node_modules/eslint-plugin-jsx-a11y define-properties@1.2.1 OK for: array-includes@3.1.9 want: ^1.2.1
1546 silly placeDep node_modules/eslint-plugin-jsx-a11y es-abstract@1.24.1 OK for: array-includes@3.1.9 want: ^1.24.0
1547 silly placeDep node_modules/eslint-plugin-jsx-a11y es-object-atoms@1.1.1 OK for: array-includes@3.1.9 want: ^1.1.1
1548 silly placeDep node_modules/eslint-plugin-jsx-a11y get-intrinsic@1.3.0 OK for: array-includes@3.1.9 want: ^1.3.0
1549 silly placeDep node_modules/eslint-plugin-jsx-a11y is-string@1.1.1 OK for: array-includes@3.1.9 want: ^1.1.1
1550 silly placeDep node_modules/eslint-plugin-jsx-a11y math-intrinsics@1.1.0 OK for: array-includes@3.1.9 want: ^1.1.0
1551 silly placeDep node_modules/eslint-plugin-jsx-a11y es-shim-unscopables@1.1.0 OK for: array.prototype.flatmap@1.3.3 want: ^1.0.2
1552 silly placeDep node_modules/eslint-plugin-jsx-a11y call-bind-apply-helpers@1.0.2 OK for: call-bind@1.0.8 want: ^1.0.0
1553 silly placeDep node_modules/eslint-plugin-jsx-a11y es-define-property@1.0.1 OK for: call-bind@1.0.8 want: ^1.0.0
1554 silly placeDep node_modules/eslint-plugin-jsx-a11y set-function-length@1.2.2 OK for: call-bind@1.0.8 want: ^1.2.2
1555 silly placeDep node_modules/eslint-plugin-jsx-a11y es-errors@1.3.0 OK for: call-bind-apply-helpers@1.0.2 want: ^1.3.0
1556 silly placeDep node_modules/eslint-plugin-jsx-a11y function-bind@1.1.2 OK for: call-bind-apply-helpers@1.0.2 want: ^1.1.2
1557 silly placeDep node_modules/eslint-plugin-jsx-a11y define-data-property@1.1.4 OK for: define-properties@1.2.1 want: ^1.0.1
1558 silly placeDep node_modules/eslint-plugin-jsx-a11y has-property-descriptors@1.0.2 OK for: define-properties@1.2.1 want: ^1.0.0
1559 silly placeDep node_modules/eslint-plugin-jsx-a11y object-keys@1.1.1 OK for: define-properties@1.2.1 want: ^1.1.1
1560 silly placeDep node_modules/eslint-plugin-jsx-a11y gopd@1.2.0 OK for: define-data-property@1.1.4 want: ^1.0.1
1561 silly placeDep node_modules/eslint-plugin-jsx-a11y array-buffer-byte-length@1.0.2 OK for: es-abstract@1.24.1 want: ^1.0.2
1562 silly placeDep node_modules/eslint-plugin-jsx-a11y arraybuffer.prototype.slice@1.0.4 OK for: es-abstract@1.24.1 want: ^1.0.4
1563 silly placeDep node_modules/eslint-plugin-jsx-a11y available-typed-arrays@1.0.7 OK for: es-abstract@1.24.1 want: ^1.0.7
1564 silly placeDep node_modules/eslint-plugin-jsx-a11y data-view-buffer@1.0.2 OK for: es-abstract@1.24.1 want: ^1.0.2
1565 silly placeDep node_modules/eslint-plugin-jsx-a11y data-view-byte-length@1.0.2 OK for: es-abstract@1.24.1 want: ^1.0.2
1566 silly placeDep node_modules/eslint-plugin-jsx-a11y data-view-byte-offset@1.0.1 OK for: es-abstract@1.24.1 want: ^1.0.1
1567 silly placeDep node_modules/eslint-plugin-jsx-a11y es-set-tostringtag@2.1.0 OK for: es-abstract@1.24.1 want: ^2.1.0
1568 silly placeDep node_modules/eslint-plugin-jsx-a11y es-to-primitive@1.3.0 OK for: es-abstract@1.24.1 want: ^1.3.0
1569 silly placeDep node_modules/eslint-plugin-jsx-a11y function.prototype.name@1.1.8 OK for: es-abstract@1.24.1 want: ^1.1.8
1570 silly placeDep node_modules/eslint-plugin-jsx-a11y get-proto@1.0.1 OK for: es-abstract@1.24.1 want: ^1.0.1
1571 silly placeDep node_modules/eslint-plugin-jsx-a11y get-symbol-description@1.1.0 OK for: es-abstract@1.24.1 want: ^1.1.0
1572 silly placeDep node_modules/eslint-plugin-jsx-a11y globalthis@1.0.4 OK for: es-abstract@1.24.1 want: ^1.0.4
1573 silly placeDep node_modules/eslint-plugin-jsx-a11y has-proto@1.2.0 OK for: es-abstract@1.24.1 want: ^1.2.0
1574 silly placeDep node_modules/eslint-plugin-jsx-a11y has-symbols@1.1.0 OK for: es-abstract@1.24.1 want: ^1.1.0
1575 silly placeDep node_modules/eslint-plugin-jsx-a11y internal-slot@1.1.0 OK for: es-abstract@1.24.1 want: ^1.1.0
1576 silly placeDep node_modules/eslint-plugin-jsx-a11y is-array-buffer@3.0.5 OK for: es-abstract@1.24.1 want: ^3.0.5
1577 silly placeDep node_modules/eslint-plugin-jsx-a11y is-callable@1.2.7 OK for: es-abstract@1.24.1 want: ^1.2.7
1578 silly placeDep node_modules/eslint-plugin-jsx-a11y is-data-view@1.0.2 OK for: es-abstract@1.24.1 want: ^1.0.2
1579 silly placeDep node_modules/eslint-plugin-jsx-a11y is-negative-zero@2.0.3 OK for: es-abstract@1.24.1 want: ^2.0.3
1580 silly placeDep node_modules/eslint-plugin-jsx-a11y is-regex@1.2.1 OK for: es-abstract@1.24.1 want: ^1.2.1
1581 silly placeDep node_modules/eslint-plugin-jsx-a11y is-set@2.0.3 OK for: es-abstract@1.24.1 want: ^2.0.3
1582 silly placeDep node_modules/eslint-plugin-jsx-a11y is-shared-array-buffer@1.0.4 OK for: es-abstract@1.24.1 want: ^1.0.4
1583 silly placeDep node_modules/eslint-plugin-jsx-a11y is-typed-array@1.1.15 OK for: es-abstract@1.24.1 want: ^1.1.15
1584 silly placeDep node_modules/eslint-plugin-jsx-a11y is-weakref@1.1.1 OK for: es-abstract@1.24.1 want: ^1.1.1
1585 silly placeDep node_modules/eslint-plugin-jsx-a11y object-inspect@1.13.4 OK for: es-abstract@1.24.1 want: ^1.13.4
1586 silly placeDep node_modules/eslint-plugin-jsx-a11y object.assign@4.1.7 OK for: es-abstract@1.24.1 want: ^4.1.7
1587 silly placeDep node_modules/eslint-plugin-jsx-a11y own-keys@1.0.1 OK for: es-abstract@1.24.1 want: ^1.0.1
1588 silly placeDep node_modules/eslint-plugin-jsx-a11y regexp.prototype.flags@1.5.4 OK for: es-abstract@1.24.1 want: ^1.5.4
1589 silly placeDep node_modules/eslint-plugin-jsx-a11y safe-array-concat@1.1.3 OK for: es-abstract@1.24.1 want: ^1.1.3
1590 silly placeDep node_modules/eslint-plugin-jsx-a11y safe-push-apply@1.0.0 OK for: es-abstract@1.24.1 want: ^1.0.0
1591 silly placeDep node_modules/eslint-plugin-jsx-a11y set-proto@1.0.0 OK for: es-abstract@1.24.1 want: ^1.0.0
1592 silly placeDep node_modules/eslint-plugin-jsx-a11y stop-iteration-iterator@1.1.0 OK for: es-abstract@1.24.1 want: ^1.1.0
1593 silly placeDep node_modules/eslint-plugin-jsx-a11y string.prototype.trim@1.2.10 OK for: es-abstract@1.24.1 want: ^1.2.10
1594 silly placeDep node_modules/eslint-plugin-jsx-a11y string.prototype.trimend@1.0.9 OK for: es-abstract@1.24.1 want: ^1.0.9
1595 silly placeDep node_modules/eslint-plugin-jsx-a11y string.prototype.trimstart@1.0.8 OK for: es-abstract@1.24.1 want: ^1.0.8
1596 silly placeDep node_modules/eslint-plugin-jsx-a11y typed-array-buffer@1.0.3 OK for: es-abstract@1.24.1 want: ^1.0.3
1597 silly placeDep node_modules/eslint-plugin-jsx-a11y typed-array-byte-length@1.0.3 OK for: es-abstract@1.24.1 want: ^1.0.3
1598 silly placeDep node_modules/eslint-plugin-jsx-a11y typed-array-byte-offset@1.0.4 OK for: es-abstract@1.24.1 want: ^1.0.4
1599 silly placeDep node_modules/eslint-plugin-jsx-a11y typed-array-length@1.0.7 OK for: es-abstract@1.24.1 want: ^1.0.7
1600 silly placeDep node_modules/eslint-plugin-jsx-a11y unbox-primitive@1.1.0 OK for: es-abstract@1.24.1 want: ^1.1.0
1601 silly placeDep node_modules/eslint-plugin-jsx-a11y which-typed-array@1.1.20 OK for: es-abstract@1.24.1 want: ^1.1.19
1602 silly placeDep node_modules/eslint-plugin-jsx-a11y possible-typed-array-names@1.1.0 OK for: available-typed-arrays@1.0.7 want: ^1.0.0
1603 silly placeDep node_modules/eslint-plugin-jsx-a11y has-tostringtag@1.0.2 OK for: es-set-tostringtag@2.1.0 want: ^1.0.2
1604 silly placeDep node_modules/eslint-plugin-jsx-a11y is-date-object@1.1.0 OK for: es-to-primitive@1.3.0 want: ^1.0.5
1605 silly placeDep node_modules/eslint-plugin-jsx-a11y is-symbol@1.1.1 OK for: es-to-primitive@1.3.0 want: ^1.0.4
1606 silly placeDep node_modules/eslint-plugin-jsx-a11y functions-have-names@1.2.3 OK for: function.prototype.name@1.1.8 want: ^1.2.3
1607 silly placeDep node_modules/eslint-plugin-jsx-a11y dunder-proto@1.0.1 OK for: get-proto@1.0.1 want: ^1.0.1
1608 silly placeDep node_modules/eslint-plugin-jsx-a11y side-channel@1.1.0 OK for: internal-slot@1.1.0 want: ^1.1.0
1609 silly placeDep node_modules/eslint-plugin-jsx-a11y side-channel-list@1.0.0 OK for: side-channel@1.1.0 want: ^1.0.0
1610 silly placeDep node_modules/eslint-plugin-jsx-a11y reflect.getprototypeof@1.0.10 OK for: typed-array-byte-offset@1.0.4 want: ^1.0.9
1611 silly placeDep node_modules/eslint-plugin-react call-bind@1.0.8 OK for: array-includes@3.1.9 want: ^1.0.8
1612 silly placeDep node_modules/eslint-plugin-react call-bound@1.0.4 OK for: array-includes@3.1.9 want: ^1.0.4
1613 silly placeDep node_modules/eslint-plugin-react define-properties@1.2.1 OK for: array-includes@3.1.9 want: ^1.2.1
1614 silly placeDep node_modules/eslint-plugin-react es-abstract@1.24.1 OK for: array-includes@3.1.9 want: ^1.24.0
1615 silly placeDep node_modules/eslint-plugin-react es-object-atoms@1.1.1 OK for: array-includes@3.1.9 want: ^1.1.1
1616 silly placeDep node_modules/eslint-plugin-react get-intrinsic@1.3.0 OK for: array-includes@3.1.9 want: ^1.3.0
1617 silly placeDep node_modules/eslint-plugin-react is-string@1.1.1 OK for: array-includes@3.1.9 want: ^1.1.1
1618 silly placeDep node_modules/eslint-plugin-react math-intrinsics@1.1.0 OK for: array-includes@3.1.9 want: ^1.1.0
1619 silly placeDep node_modules/eslint-plugin-react es-errors@1.3.0 OK for: array.prototype.findlast@1.2.5 want: ^1.3.0
1620 silly placeDep node_modules/eslint-plugin-react es-shim-unscopables@1.1.0 OK for: array.prototype.findlast@1.2.5 want: ^1.0.2
1621 silly placeDep node_modules/eslint-plugin-react call-bind-apply-helpers@1.0.2 OK for: call-bind@1.0.8 want: ^1.0.0
1622 silly placeDep node_modules/eslint-plugin-react es-define-property@1.0.1 OK for: call-bind@1.0.8 want: ^1.0.0
1623 silly placeDep node_modules/eslint-plugin-react set-function-length@1.2.2 OK for: call-bind@1.0.8 want: ^1.2.2
1624 silly placeDep node_modules/eslint-plugin-react function-bind@1.1.2 OK for: call-bind-apply-helpers@1.0.2 want: ^1.1.2
1625 silly placeDep node_modules/eslint-plugin-react define-data-property@1.1.4 OK for: define-properties@1.2.1 want: ^1.0.1
1626 silly placeDep node_modules/eslint-plugin-react has-property-descriptors@1.0.2 OK for: define-properties@1.2.1 want: ^1.0.0
1627 silly placeDep node_modules/eslint-plugin-react object-keys@1.1.1 OK for: define-properties@1.2.1 want: ^1.1.1
1628 silly placeDep node_modules/eslint-plugin-react gopd@1.2.0 OK for: define-data-property@1.1.4 want: ^1.0.1
1629 silly placeDep node_modules/eslint-plugin-react array-buffer-byte-length@1.0.2 OK for: es-abstract@1.24.1 want: ^1.0.2
1630 silly placeDep node_modules/eslint-plugin-react arraybuffer.prototype.slice@1.0.4 OK for: es-abstract@1.24.1 want: ^1.0.4
1631 silly placeDep node_modules/eslint-plugin-react available-typed-arrays@1.0.7 OK for: es-abstract@1.24.1 want: ^1.0.7
1632 silly placeDep node_modules/eslint-plugin-react data-view-buffer@1.0.2 OK for: es-abstract@1.24.1 want: ^1.0.2
1633 silly placeDep node_modules/eslint-plugin-react data-view-byte-length@1.0.2 OK for: es-abstract@1.24.1 want: ^1.0.2
1634 silly placeDep node_modules/eslint-plugin-react data-view-byte-offset@1.0.1 OK for: es-abstract@1.24.1 want: ^1.0.1
1635 silly placeDep node_modules/eslint-plugin-react es-set-tostringtag@2.1.0 OK for: es-abstract@1.24.1 want: ^2.1.0
1636 silly placeDep node_modules/eslint-plugin-react es-to-primitive@1.3.0 OK for: es-abstract@1.24.1 want: ^1.3.0
1637 silly placeDep node_modules/eslint-plugin-react function.prototype.name@1.1.8 OK for: es-abstract@1.24.1 want: ^1.1.8
1638 silly placeDep node_modules/eslint-plugin-react get-proto@1.0.1 OK for: es-abstract@1.24.1 want: ^1.0.1
1639 silly placeDep node_modules/eslint-plugin-react get-symbol-description@1.1.0 OK for: es-abstract@1.24.1 want: ^1.1.0
1640 silly placeDep node_modules/eslint-plugin-react globalthis@1.0.4 OK for: es-abstract@1.24.1 want: ^1.0.4
1641 silly placeDep node_modules/eslint-plugin-react has-proto@1.2.0 OK for: es-abstract@1.24.1 want: ^1.2.0
1642 silly placeDep node_modules/eslint-plugin-react has-symbols@1.1.0 OK for: es-abstract@1.24.1 want: ^1.1.0
1643 silly placeDep node_modules/eslint-plugin-react internal-slot@1.1.0 OK for: es-abstract@1.24.1 want: ^1.1.0
1644 silly placeDep node_modules/eslint-plugin-react is-array-buffer@3.0.5 OK for: es-abstract@1.24.1 want: ^3.0.5
1645 silly placeDep node_modules/eslint-plugin-react is-callable@1.2.7 OK for: es-abstract@1.24.1 want: ^1.2.7
1646 silly placeDep node_modules/eslint-plugin-react is-data-view@1.0.2 OK for: es-abstract@1.24.1 want: ^1.0.2
1647 silly placeDep node_modules/eslint-plugin-react is-negative-zero@2.0.3 OK for: es-abstract@1.24.1 want: ^2.0.3
1648 silly placeDep node_modules/eslint-plugin-react is-regex@1.2.1 OK for: es-abstract@1.24.1 want: ^1.2.1
1649 silly placeDep node_modules/eslint-plugin-react is-set@2.0.3 OK for: es-abstract@1.24.1 want: ^2.0.3
1650 silly placeDep node_modules/eslint-plugin-react is-shared-array-buffer@1.0.4 OK for: es-abstract@1.24.1 want: ^1.0.4
1651 silly placeDep node_modules/eslint-plugin-react is-typed-array@1.1.15 OK for: es-abstract@1.24.1 want: ^1.1.15
1652 silly placeDep node_modules/eslint-plugin-react is-weakref@1.1.1 OK for: es-abstract@1.24.1 want: ^1.1.1
1653 silly placeDep node_modules/eslint-plugin-react object-inspect@1.13.4 OK for: es-abstract@1.24.1 want: ^1.13.4
1654 silly placeDep node_modules/eslint-plugin-react object.assign@4.1.7 OK for: es-abstract@1.24.1 want: ^4.1.7
1655 silly placeDep node_modules/eslint-plugin-react own-keys@1.0.1 OK for: es-abstract@1.24.1 want: ^1.0.1
1656 silly placeDep node_modules/eslint-plugin-react regexp.prototype.flags@1.5.4 OK for: es-abstract@1.24.1 want: ^1.5.4
1657 silly placeDep node_modules/eslint-plugin-react safe-array-concat@1.1.3 OK for: es-abstract@1.24.1 want: ^1.1.3
1658 silly placeDep node_modules/eslint-plugin-react safe-push-apply@1.0.0 OK for: es-abstract@1.24.1 want: ^1.0.0
1659 silly placeDep node_modules/eslint-plugin-react safe-regex-test@1.1.0 OK for: es-abstract@1.24.1 want: ^1.1.0
1660 silly placeDep node_modules/eslint-plugin-react set-proto@1.0.0 OK for: es-abstract@1.24.1 want: ^1.0.0
1661 silly placeDep node_modules/eslint-plugin-react stop-iteration-iterator@1.1.0 OK for: es-abstract@1.24.1 want: ^1.1.0
1662 silly placeDep node_modules/eslint-plugin-react string.prototype.trim@1.2.10 OK for: es-abstract@1.24.1 want: ^1.2.10
1663 silly placeDep node_modules/eslint-plugin-react string.prototype.trimend@1.0.9 OK for: es-abstract@1.24.1 want: ^1.0.9
1664 silly placeDep node_modules/eslint-plugin-react string.prototype.trimstart@1.0.8 OK for: es-abstract@1.24.1 want: ^1.0.8
1665 silly placeDep node_modules/eslint-plugin-react typed-array-buffer@1.0.3 OK for: es-abstract@1.24.1 want: ^1.0.3
1666 silly placeDep node_modules/eslint-plugin-react typed-array-byte-length@1.0.3 OK for: es-abstract@1.24.1 want: ^1.0.3
1667 silly placeDep node_modules/eslint-plugin-react typed-array-byte-offset@1.0.4 OK for: es-abstract@1.24.1 want: ^1.0.4
1668 silly placeDep node_modules/eslint-plugin-react typed-array-length@1.0.7 OK for: es-abstract@1.24.1 want: ^1.0.7
1669 silly placeDep node_modules/eslint-plugin-react unbox-primitive@1.1.0 OK for: es-abstract@1.24.1 want: ^1.1.0
1670 silly placeDep node_modules/eslint-plugin-react which-typed-array@1.1.20 OK for: es-abstract@1.24.1 want: ^1.1.19
1671 silly placeDep node_modules/eslint-plugin-react possible-typed-array-names@1.1.0 OK for: available-typed-arrays@1.0.7 want: ^1.0.0
1672 silly placeDep node_modules/eslint-plugin-react has-tostringtag@1.0.2 OK for: es-set-tostringtag@2.1.0 want: ^1.0.2
1673 silly placeDep node_modules/eslint-plugin-react is-date-object@1.1.0 OK for: es-to-primitive@1.3.0 want: ^1.0.5
1674 silly placeDep node_modules/eslint-plugin-react is-symbol@1.1.1 OK for: es-to-primitive@1.3.0 want: ^1.0.4
1675 silly placeDep node_modules/eslint-plugin-react functions-have-names@1.2.3 OK for: function.prototype.name@1.1.8 want: ^1.2.3
1676 silly placeDep node_modules/eslint-plugin-react dunder-proto@1.0.1 OK for: get-proto@1.0.1 want: ^1.0.1
1677 silly placeDep node_modules/eslint-plugin-react side-channel@1.1.0 OK for: internal-slot@1.1.0 want: ^1.1.0
1678 silly placeDep node_modules/eslint-plugin-react is-core-module@2.16.1 OK for: resolve@2.0.0-next.6 want: ^2.16.1
1679 silly placeDep node_modules/eslint-plugin-react supports-preserve-symlinks-flag@1.0.0 OK for: resolve@2.0.0-next.6 want: ^1.0.0
1680 silly placeDep node_modules/eslint-plugin-react side-channel-list@1.0.0 OK for: side-channel@1.1.0 want: ^1.0.0
1681 silly placeDep node_modules/eslint-plugin-react reflect.getprototypeof@1.0.10 OK for: typed-array-byte-offset@1.0.4 want: ^1.0.9
1682 silly placeDep node_modules/file-entry-cache flatted@3.4.2 OK for: flat-cache@4.0.1 want: ^3.2.9
1683 silly placeDep node_modules/sharp @emnapi/runtime@1.9.1 OK for: @img/sharp-wasm32@0.33.5 want: ^1.2.0
1684 silly placeDep node_modules/sharp tslib@2.8.1 OK for: @emnapi/runtime@1.9.1 want: ^2.4.0
1685 silly reify mark retired [ '/Users/user/Documents/afrovision/web/node_modules/acorn' ]
1686 silly reify mark retired [ '/Users/user/Documents/afrovision/web/node_modules/acorn-jsx' ]
1687 silly reify mark retired [ '/Users/user/Documents/afrovision/web/node_modules/ajv' ]
1688 silly reify mark retired [ '/Users/user/Documents/afrovision/web/node_modules/ansi-styles' ]
1689 silly reify mark retired [ '/Users/user/Documents/afrovision/web/node_modules/argparse' ]
1690 silly reify mark retired [
1690 silly reify   '/Users/user/Documents/afrovision/web/node_modules/array-buffer-byte-length'
1690 silly reify ]
1691 silly reify mark retired [
1691 silly reify   '/Users/user/Documents/afrovision/web/node_modules/array.prototype.findlast'
1691 silly reify ]
1692 silly reify mark retired [
1692 silly reify   '/Users/user/Documents/afrovision/web/node_modules/array.prototype.findlastindex'
1692 silly reify ]
1693 silly reify mark retired [
1693 silly reify   '/Users/user/Documents/afrovision/web/node_modules/array.prototype.tosorted'
1693 silly reify ]
1694 silly reify mark retired [
1694 silly reify   '/Users/user/Documents/afrovision/web/node_modules/arraybuffer.prototype.slice'
1694 silly reify ]
1695 silly reify mark retired [
1695 silly reify   '/Users/user/Documents/afrovision/web/node_modules/available-typed-arrays'
1695 silly reify ]
1696 silly reify mark retired [ '/Users/user/Documents/afrovision/web/node_modules/axe-core' ]
1697 silly reify mark retired [ '/Users/user/Documents/afrovision/web/node_modules/axobject-query' ]
1698 silly reify mark retired [ '/Users/user/Documents/afrovision/web/node_modules/balanced-match' ]
1699 silly reify mark retired [ '/Users/user/Documents/afrovision/web/node_modules/brace-expansion' ]
1700 silly reify mark retired [ '/Users/user/Documents/afrovision/web/node_modules/braces' ]
1701 silly reify mark retired [ '/Users/user/Documents/afrovision/web/node_modules/busboy' ]
1702 silly reify mark retired [
1702 silly reify   '/Users/user/Documents/afrovision/web/node_modules/call-bind-apply-helpers'
1702 silly reify ]
1703 silly reify mark retired [ '/Users/user/Documents/afrovision/web/node_modules/caniuse-lite' ]
1704 silly reify mark retired [ '/Users/user/Documents/afrovision/web/node_modules/chalk' ]
1705 silly reify mark retired [ '/Users/user/Documents/afrovision/web/node_modules/color-string' ]
1706 silly reify mark retired [ '/Users/user/Documents/afrovision/web/node_modules/cross-spawn' ]
1707 silly reify mark retired [
1707 silly reify   '/Users/user/Documents/afrovision/web/node_modules/data-view-buffer'
1707 silly reify ]
1708 silly reify mark retired [
1708 silly reify   '/Users/user/Documents/afrovision/web/node_modules/data-view-byte-length'
1708 silly reify ]
1709 silly reify mark retired [
1709 silly reify   '/Users/user/Documents/afrovision/web/node_modules/data-view-byte-offset'
1709 silly reify ]
1710 silly reify mark retired [ '/Users/user/Documents/afrovision/web/node_modules/debug' ]
1711 silly reify mark retired [ '/Users/user/Documents/afrovision/web/node_modules/deep-is' ]
1712 silly reify mark retired [ '/Users/user/Documents/afrovision/web/node_modules/detect-libc' ]
1713 silly reify mark retired [ '/Users/user/Documents/afrovision/web/node_modules/doctrine' ]
1714 silly reify mark retired [ '/Users/user/Documents/afrovision/web/node_modules/dunder-proto' ]
1715 silly reify mark retired [ '/Users/user/Documents/afrovision/web/node_modules/emoji-regex' ]
1716 silly reify mark retired [
1716 silly reify   '/Users/user/Documents/afrovision/web/node_modules/es-define-property'
1716 silly reify ]
1717 silly reify mark retired [
1717 silly reify   '/Users/user/Documents/afrovision/web/node_modules/es-iterator-helpers'
1717 silly reify ]
1718 silly reify mark retired [
1718 silly reify   '/Users/user/Documents/afrovision/web/node_modules/es-set-tostringtag'
1718 silly reify ]
1719 silly reify mark retired [ '/Users/user/Documents/afrovision/web/node_modules/es-to-primitive' ]
1720 silly reify mark retired [
1720 silly reify   '/Users/user/Documents/afrovision/web/node_modules/escape-string-regexp'
1720 silly reify ]
1721 silly reify mark retired [ '/Users/user/Documents/afrovision/web/node_modules/eslint' ]
1722 silly reify mark retired [
1722 silly reify   '/Users/user/Documents/afrovision/web/node_modules/eslint-config-next'
1722 silly reify ]
1723 silly reify mark retired [
1723 silly reify   '/Users/user/Documents/afrovision/web/node_modules/eslint-import-resolver-node'
1723 silly reify ]
1724 silly reify mark retired [
1724 silly reify   '/Users/user/Documents/afrovision/web/node_modules/eslint-import-resolver-typescript'
1724 silly reify ]
1725 silly reify mark retired [
1725 silly reify   '/Users/user/Documents/afrovision/web/node_modules/eslint-module-utils'
1725 silly reify ]
1726 silly reify mark retired [
1726 silly reify   '/Users/user/Documents/afrovision/web/node_modules/eslint-plugin-import'
1726 silly reify ]
1727 silly reify mark retired [
1727 silly reify   '/Users/user/Documents/afrovision/web/node_modules/eslint-plugin-react-hooks'
1727 silly reify ]
1728 silly reify mark retired [ '/Users/user/Documents/afrovision/web/node_modules/eslint-scope' ]
1729 silly reify mark retired [
1729 silly reify   '/Users/user/Documents/afrovision/web/node_modules/eslint-visitor-keys'
1729 silly reify ]
1730 silly reify mark retired [ '/Users/user/Documents/afrovision/web/node_modules/espree' ]
1731 silly reify mark retired [ '/Users/user/Documents/afrovision/web/node_modules/esquery' ]
1732 silly reify mark retired [ '/Users/user/Documents/afrovision/web/node_modules/esrecurse' ]
1733 silly reify mark retired [ '/Users/user/Documents/afrovision/web/node_modules/estraverse' ]
1734 silly reify mark retired [ '/Users/user/Documents/afrovision/web/node_modules/esutils' ]
1735 silly reify mark retired [ '/Users/user/Documents/afrovision/web/node_modules/fast-deep-equal' ]
1736 silly reify mark retired [ '/Users/user/Documents/afrovision/web/node_modules/fast-glob' ]
1737 silly reify mark retired [
1737 silly reify   '/Users/user/Documents/afrovision/web/node_modules/fast-json-stable-stringify'
1737 silly reify ]
1738 silly reify mark retired [ '/Users/user/Documents/afrovision/web/node_modules/fastq' ]
1739 silly reify mark retired [ '/Users/user/Documents/afrovision/web/node_modules/fdir' ]
1740 silly reify mark retired [
1740 silly reify   '/Users/user/Documents/afrovision/web/node_modules/file-entry-cache'
1740 silly reify ]
1741 silly reify mark retired [ '/Users/user/Documents/afrovision/web/node_modules/fill-range' ]
1742 silly reify mark retired [ '/Users/user/Documents/afrovision/web/node_modules/find-up' ]
1743 silly reify mark retired [ '/Users/user/Documents/afrovision/web/node_modules/flat-cache' ]
1744 silly reify mark retired [ '/Users/user/Documents/afrovision/web/node_modules/flatted' ]
1745 silly reify mark retired [ '/Users/user/Documents/afrovision/web/node_modules/function-bind' ]
1746 silly reify mark retired [
1746 silly reify   '/Users/user/Documents/afrovision/web/node_modules/get-symbol-description'
1746 silly reify ]
1747 silly reify mark retired [ '/Users/user/Documents/afrovision/web/node_modules/get-tsconfig' ]
1748 silly reify mark retired [ '/Users/user/Documents/afrovision/web/node_modules/glob-parent' ]
1749 silly reify mark retired [ '/Users/user/Documents/afrovision/web/node_modules/globals' ]
1750 silly reify mark retired [ '/Users/user/Documents/afrovision/web/node_modules/globalthis' ]
1751 silly reify mark retired [ '/Users/user/Documents/afrovision/web/node_modules/gopd' ]
1752 silly reify mark retired [ '/Users/user/Documents/afrovision/web/node_modules/has-bigints' ]
1753 silly reify mark retired [ '/Users/user/Documents/afrovision/web/node_modules/has-proto' ]
1754 silly reify mark retired [ '/Users/user/Documents/afrovision/web/node_modules/hasown' ]
1755 silly reify mark retired [ '/Users/user/Documents/afrovision/web/node_modules/ignore' ]
1756 silly reify mark retired [ '/Users/user/Documents/afrovision/web/node_modules/import-fresh' ]
1757 silly reify mark retired [ '/Users/user/Documents/afrovision/web/node_modules/imurmurhash' ]
1758 silly reify mark retired [ '/Users/user/Documents/afrovision/web/node_modules/internal-slot' ]
1759 silly reify mark retired [ '/Users/user/Documents/afrovision/web/node_modules/is-array-buffer' ]
1760 silly reify mark retired [ '/Users/user/Documents/afrovision/web/node_modules/is-bun-module' ]
1761 silly reify mark retired [ '/Users/user/Documents/afrovision/web/node_modules/is-core-module' ]
1762 silly reify mark retired [ '/Users/user/Documents/afrovision/web/node_modules/is-data-view' ]
1763 silly reify mark retired [ '/Users/user/Documents/afrovision/web/node_modules/is-extglob' ]
1764 silly reify mark retired [ '/Users/user/Documents/afrovision/web/node_modules/is-glob' ]
1765 silly reify mark retired [
1765 silly reify   '/Users/user/Documents/afrovision/web/node_modules/is-negative-zero'
1765 silly reify ]
1766 silly reify mark retired [
1766 silly reify   '/Users/user/Documents/afrovision/web/node_modules/is-shared-array-buffer'
1766 silly reify ]
1767 silly reify mark retired [ '/Users/user/Documents/afrovision/web/node_modules/is-typed-array' ]
1768 silly reify mark retired [ '/Users/user/Documents/afrovision/web/node_modules/js-yaml' ]
1769 silly reify mark retired [ '/Users/user/Documents/afrovision/web/node_modules/json-buffer' ]
1770 silly reify mark retired [
1770 silly reify   '/Users/user/Documents/afrovision/web/node_modules/json-schema-traverse'
1770 silly reify ]
1771 silly reify mark retired [
1771 silly reify   '/Users/user/Documents/afrovision/web/node_modules/json-stable-stringify-without-jsonify'
1771 silly reify ]
1772 silly reify mark retired [ '/Users/user/Documents/afrovision/web/node_modules/json5' ]
1773 silly reify mark retired [ '/Users/user/Documents/afrovision/web/node_modules/keyv' ]
1774 silly reify mark retired [ '/Users/user/Documents/afrovision/web/node_modules/levn' ]
1775 silly reify mark retired [ '/Users/user/Documents/afrovision/web/node_modules/locate-path' ]
1776 silly reify mark retired [ '/Users/user/Documents/afrovision/web/node_modules/lodash.merge' ]
1777 silly reify mark retired [ '/Users/user/Documents/afrovision/web/node_modules/math-intrinsics' ]
1778 silly reify mark retired [ '/Users/user/Documents/afrovision/web/node_modules/merge2' ]
1779 silly reify mark retired [ '/Users/user/Documents/afrovision/web/node_modules/micromatch' ]
1780 silly reify mark retired [ '/Users/user/Documents/afrovision/web/node_modules/minimatch' ]
1781 silly reify mark retired [ '/Users/user/Documents/afrovision/web/node_modules/minimist' ]
1782 silly reify mark retired [ '/Users/user/Documents/afrovision/web/node_modules/ms' ]
1783 silly reify mark retired [ '/Users/user/Documents/afrovision/web/node_modules/nanoid' ]
1784 silly reify mark retired [ '/Users/user/Documents/afrovision/web/node_modules/natural-compare' ]
1785 silly reify mark retired [
1785 silly reify   '/Users/user/Documents/afrovision/web/node_modules/napi-postinstall'
1785 silly reify ]
1786 silly reify mark retired [ '/Users/user/Documents/afrovision/web/node_modules/next' ]
1787 silly reify mark retired [ '/Users/user/Documents/afrovision/web/node_modules/object-keys' ]
1788 silly reify mark retired [
1788 silly reify   '/Users/user/Documents/afrovision/web/node_modules/object.fromentries'
1788 silly reify ]
1789 silly reify mark retired [ '/Users/user/Documents/afrovision/web/node_modules/object.groupby' ]
1790 silly reify mark retired [ '/Users/user/Documents/afrovision/web/node_modules/optionator' ]
1791 silly reify mark retired [ '/Users/user/Documents/afrovision/web/node_modules/own-keys' ]
1792 silly reify mark retired [ '/Users/user/Documents/afrovision/web/node_modules/p-locate' ]
1793 silly reify mark retired [ '/Users/user/Documents/afrovision/web/node_modules/parent-module' ]
1794 silly reify mark retired [ '/Users/user/Documents/afrovision/web/node_modules/path-exists' ]
1795 silly reify mark retired [ '/Users/user/Documents/afrovision/web/node_modules/path-key' ]
1796 silly reify mark retired [ '/Users/user/Documents/afrovision/web/node_modules/picomatch' ]
1797 silly reify mark retired [
1797 silly reify   '/Users/user/Documents/afrovision/web/node_modules/possible-typed-array-names'
1797 silly reify ]
1798 silly reify mark retired [ '/Users/user/Documents/afrovision/web/node_modules/postcss' ]
1799 silly reify mark retired [ '/Users/user/Documents/afrovision/web/node_modules/prelude-ls' ]
1800 silly reify mark retired [ '/Users/user/Documents/afrovision/web/node_modules/prop-types' ]
1801 silly reify mark retired [ '/Users/user/Documents/afrovision/web/node_modules/react' ]
1802 silly reify mark retired [ '/Users/user/Documents/afrovision/web/node_modules/react-dom' ]
1803 silly reify mark retired [
1803 silly reify   '/Users/user/Documents/afrovision/web/node_modules/reflect.getprototypeof'
1803 silly reify ]
1804 silly reify mark retired [
1804 silly reify   '/Users/user/Documents/afrovision/web/node_modules/regexp.prototype.flags'
1804 silly reify ]
1805 silly reify mark retired [ '/Users/user/Documents/afrovision/web/node_modules/resolve' ]
1806 silly reify mark retired [
1806 silly reify   '/Users/user/Documents/afrovision/web/node_modules/resolve-pkg-maps'
1806 silly reify ]
1807 silly reify mark retired [ '/Users/user/Documents/afrovision/web/node_modules/reusify' ]
1808 silly reify mark retired [ '/Users/user/Documents/afrovision/web/node_modules/run-parallel' ]
1809 silly reify mark retired [
1809 silly reify   '/Users/user/Documents/afrovision/web/node_modules/safe-array-concat'
1809 silly reify ]
1810 silly reify mark retired [ '/Users/user/Documents/afrovision/web/node_modules/safe-push-apply' ]
1811 silly reify mark retired [ '/Users/user/Documents/afrovision/web/node_modules/scheduler' ]
1812 silly reify mark retired [ '/Users/user/Documents/afrovision/web/node_modules/semver' ]
1813 silly reify mark retired [
1813 silly reify   '/Users/user/Documents/afrovision/web/node_modules/set-function-length'
1813 silly reify ]
1814 silly reify mark retired [ '/Users/user/Documents/afrovision/web/node_modules/set-proto' ]
1815 silly reify mark retired [ '/Users/user/Documents/afrovision/web/node_modules/sharp' ]
1816 silly reify mark retired [ '/Users/user/Documents/afrovision/web/node_modules/shebang-command' ]
1817 silly reify mark retired [ '/Users/user/Documents/afrovision/web/node_modules/side-channel' ]
1818 silly reify mark retired [
1818 silly reify   '/Users/user/Documents/afrovision/web/node_modules/side-channel-list'
1818 silly reify ]
1819 silly reify mark retired [
1819 silly reify   '/Users/user/Documents/afrovision/web/node_modules/side-channel-map'
1819 silly reify ]
1820 silly reify mark retired [
1820 silly reify   '/Users/user/Documents/afrovision/web/node_modules/side-channel-weakmap'
1820 silly reify ]
1821 silly reify mark retired [ '/Users/user/Documents/afrovision/web/node_modules/source-map-js' ]
1822 silly reify mark retired [ '/Users/user/Documents/afrovision/web/node_modules/stable-hash' ]
1823 silly reify mark retired [
1823 silly reify   '/Users/user/Documents/afrovision/web/node_modules/stop-iteration-iterator'
1823 silly reify ]
1824 silly reify mark retired [ '/Users/user/Documents/afrovision/web/node_modules/streamsearch' ]
1825 silly reify mark retired [
1825 silly reify   '/Users/user/Documents/afrovision/web/node_modules/string.prototype.includes'
1825 silly reify ]
1826 silly reify mark retired [
1826 silly reify   '/Users/user/Documents/afrovision/web/node_modules/string.prototype.matchall'
1826 silly reify ]
1827 silly reify mark retired [
1827 silly reify   '/Users/user/Documents/afrovision/web/node_modules/string.prototype.repeat'
1827 silly reify ]
1828 silly reify mark retired [
1828 silly reify   '/Users/user/Documents/afrovision/web/node_modules/string.prototype.trim'
1828 silly reify ]
1829 silly reify mark retired [
1829 silly reify   '/Users/user/Documents/afrovision/web/node_modules/string.prototype.trimend'
1829 silly reify ]
1830 silly reify mark retired [
1830 silly reify   '/Users/user/Documents/afrovision/web/node_modules/string.prototype.trimstart'
1830 silly reify ]
1831 silly reify mark retired [
1831 silly reify   '/Users/user/Documents/afrovision/web/node_modules/strip-json-comments'
1831 silly reify ]
1832 silly reify mark retired [ '/Users/user/Documents/afrovision/web/node_modules/styled-jsx' ]
1833 silly reify mark retired [ '/Users/user/Documents/afrovision/web/node_modules/supports-color' ]
1834 silly reify mark retired [
1834 silly reify   '/Users/user/Documents/afrovision/web/node_modules/supports-preserve-symlinks-flag'
1834 silly reify ]
1835 silly reify mark retired [ '/Users/user/Documents/afrovision/web/node_modules/tinyglobby' ]
1836 silly reify mark retired [ '/Users/user/Documents/afrovision/web/node_modules/ts-api-utils' ]
1837 silly reify mark retired [ '/Users/user/Documents/afrovision/web/node_modules/tsconfig-paths' ]
1838 silly reify mark retired [ '/Users/user/Documents/afrovision/web/node_modules/tslib' ]
1839 silly reify mark retired [ '/Users/user/Documents/afrovision/web/node_modules/type-check' ]
1840 silly reify mark retired [
1840 silly reify   '/Users/user/Documents/afrovision/web/node_modules/typed-array-buffer'
1840 silly reify ]
1841 silly reify mark retired [
1841 silly reify   '/Users/user/Documents/afrovision/web/node_modules/typed-array-byte-length'
1841 silly reify ]
1842 silly reify mark retired [
1842 silly reify   '/Users/user/Documents/afrovision/web/node_modules/typed-array-byte-offset'
1842 silly reify ]
1843 silly reify mark retired [
1843 silly reify   '/Users/user/Documents/afrovision/web/node_modules/typed-array-length'
1843 silly reify ]
1844 silly reify mark retired [ '/Users/user/Documents/afrovision/web/node_modules/unbox-primitive' ]
1845 silly reify mark retired [ '/Users/user/Documents/afrovision/web/node_modules/unrs-resolver' ]
1846 silly reify mark retired [ '/Users/user/Documents/afrovision/web/node_modules/uri-js' ]
1847 silly reify mark retired [ '/Users/user/Documents/afrovision/web/node_modules/which' ]
1848 silly reify mark retired [
1848 silly reify   '/Users/user/Documents/afrovision/web/node_modules/which-builtin-type'
1848 silly reify ]
1849 silly reify mark retired [ '/Users/user/Documents/afrovision/web/node_modules/yocto-queue' ]
1850 silly reify mark retired [ '/Users/user/Documents/afrovision/web/node_modules/@emnapi/core' ]
1851 silly reify mark retired [ '/Users/user/Documents/afrovision/web/node_modules/@emnapi/runtime' ]
1852 silly reify mark retired [
1852 silly reify   '/Users/user/Documents/afrovision/web/node_modules/@emnapi/wasi-threads'
1852 silly reify ]
1853 silly reify mark retired [
1853 silly reify   '/Users/user/Documents/afrovision/web/node_modules/@eslint/config-array'
1853 silly reify ]
1854 silly reify mark retired [
1854 silly reify   '/Users/user/Documents/afrovision/web/node_modules/@eslint/config-helpers'
1854 silly reify ]
1855 silly reify mark retired [ '/Users/user/Documents/afrovision/web/node_modules/@eslint/core' ]
1856 silly reify mark retired [
1856 silly reify   '/Users/user/Documents/afrovision/web/node_modules/@eslint/eslintrc'
1856 silly reify ]
1857 silly reify mark retired [ '/Users/user/Documents/afrovision/web/node_modules/@eslint/js' ]
1858 silly reify mark retired [
1858 silly reify   '/Users/user/Documents/afrovision/web/node_modules/@eslint/object-schema'
1858 silly reify ]
1859 silly reify mark retired [
1859 silly reify   '/Users/user/Documents/afrovision/web/node_modules/@eslint/plugin-kit'
1859 silly reify ]
1860 silly reify mark retired [
1860 silly reify   '/Users/user/Documents/afrovision/web/node_modules/@eslint-community/eslint-utils'
1860 silly reify ]
1861 silly reify mark retired [
1861 silly reify   '/Users/user/Documents/afrovision/web/node_modules/@eslint-community/regexpp'
1861 silly reify ]
1862 silly reify mark retired [ '/Users/user/Documents/afrovision/web/node_modules/@humanfs/core' ]
1863 silly reify mark retired [ '/Users/user/Documents/afrovision/web/node_modules/@humanfs/node' ]
1864 silly reify mark retired [
1864 silly reify   '/Users/user/Documents/afrovision/web/node_modules/@humanwhocodes/module-importer'
1864 silly reify ]
1865 silly reify mark retired [
1865 silly reify   '/Users/user/Documents/afrovision/web/node_modules/@humanwhocodes/retry'
1865 silly reify ]
1866 silly reify mark retired [
1866 silly reify   '/Users/user/Documents/afrovision/web/node_modules/@img/sharp-darwin-arm64'
1866 silly reify ]
1867 silly reify mark retired [
1867 silly reify   '/Users/user/Documents/afrovision/web/node_modules/@img/sharp-libvips-darwin-arm64'
1867 silly reify ]
1868 silly reify mark retired [
1868 silly reify   '/Users/user/Documents/afrovision/web/node_modules/@img/sharp-libvips-linux-arm'
1868 silly reify ]
1869 silly reify mark retired [
1869 silly reify   '/Users/user/Documents/afrovision/web/node_modules/@img/sharp-libvips-linux-arm64'
1869 silly reify ]
1870 silly reify mark retired [
1870 silly reify   '/Users/user/Documents/afrovision/web/node_modules/@img/sharp-libvips-linux-s390x'
1870 silly reify ]
1871 silly reify mark retired [
1871 silly reify   '/Users/user/Documents/afrovision/web/node_modules/@img/sharp-libvips-linux-x64'
1871 silly reify ]
1872 silly reify mark retired [
1872 silly reify   '/Users/user/Documents/afrovision/web/node_modules/@img/sharp-libvips-linuxmusl-arm64'
1872 silly reify ]
1873 silly reify mark retired [
1873 silly reify   '/Users/user/Documents/afrovision/web/node_modules/@img/sharp-libvips-linuxmusl-x64'
1873 silly reify ]
1874 silly reify mark retired [
1874 silly reify   '/Users/user/Documents/afrovision/web/node_modules/@img/sharp-linux-arm'
1874 silly reify ]
1875 silly reify mark retired [
1875 silly reify   '/Users/user/Documents/afrovision/web/node_modules/@img/sharp-linux-arm64'
1875 silly reify ]
1876 silly reify mark retired [
1876 silly reify   '/Users/user/Documents/afrovision/web/node_modules/@img/sharp-linux-s390x'
1876 silly reify ]
1877 silly reify mark retired [
1877 silly reify   '/Users/user/Documents/afrovision/web/node_modules/@img/sharp-linux-x64'
1877 silly reify ]
1878 silly reify mark retired [
1878 silly reify   '/Users/user/Documents/afrovision/web/node_modules/@img/sharp-linuxmusl-arm64'
1878 silly reify ]
1879 silly reify mark retired [
1879 silly reify   '/Users/user/Documents/afrovision/web/node_modules/@img/sharp-linuxmusl-x64'
1879 silly reify ]
1880 silly reify mark retired [
1880 silly reify   '/Users/user/Documents/afrovision/web/node_modules/@img/sharp-wasm32'
1880 silly reify ]
1881 silly reify mark retired [
1881 silly reify   '/Users/user/Documents/afrovision/web/node_modules/@img/sharp-win32-ia32'
1881 silly reify ]
1882 silly reify mark retired [
1882 silly reify   '/Users/user/Documents/afrovision/web/node_modules/@img/sharp-win32-x64'
1882 silly reify ]
1883 silly reify mark retired [
1883 silly reify   '/Users/user/Documents/afrovision/web/node_modules/@napi-rs/wasm-runtime'
1883 silly reify ]
1884 silly reify mark retired [ '/Users/user/Documents/afrovision/web/node_modules/@next/env' ]
1885 silly reify mark retired [
1885 silly reify   '/Users/user/Documents/afrovision/web/node_modules/@next/eslint-plugin-next'
1885 silly reify ]
1886 silly reify mark retired [
1886 silly reify   '/Users/user/Documents/afrovision/web/node_modules/@next/swc-darwin-arm64'
1886 silly reify ]
1887 silly reify mark retired [
1887 silly reify   '/Users/user/Documents/afrovision/web/node_modules/@next/swc-linux-arm64-gnu'
1887 silly reify ]
1888 silly reify mark retired [
1888 silly reify   '/Users/user/Documents/afrovision/web/node_modules/@next/swc-linux-arm64-musl'
1888 silly reify ]
1889 silly reify mark retired [
1889 silly reify   '/Users/user/Documents/afrovision/web/node_modules/@next/swc-linux-x64-gnu'
1889 silly reify ]
1890 silly reify mark retired [
1890 silly reify   '/Users/user/Documents/afrovision/web/node_modules/@next/swc-linux-x64-musl'
1890 silly reify ]
1891 silly reify mark retired [
1891 silly reify   '/Users/user/Documents/afrovision/web/node_modules/@next/swc-win32-arm64-msvc'
1891 silly reify ]
1892 silly reify mark retired [
1892 silly reify   '/Users/user/Documents/afrovision/web/node_modules/@next/swc-win32-x64-msvc'
1892 silly reify ]
1893 silly reify mark retired [
1893 silly reify   '/Users/user/Documents/afrovision/web/node_modules/@nodelib/fs.scandir'
1893 silly reify ]
1894 silly reify mark retired [
1894 silly reify   '/Users/user/Documents/afrovision/web/node_modules/@nodelib/fs.stat'
1894 silly reify ]
1895 silly reify mark retired [
1895 silly reify   '/Users/user/Documents/afrovision/web/node_modules/@nodelib/fs.walk'
1895 silly reify ]
1896 silly reify mark retired [
1896 silly reify   '/Users/user/Documents/afrovision/web/node_modules/@nolyfill/is-core-module'
1896 silly reify ]
1897 silly reify mark retired [ '/Users/user/Documents/afrovision/web/node_modules/@rtsao/scc' ]
1898 silly reify mark retired [
1898 silly reify   '/Users/user/Documents/afrovision/web/node_modules/@rushstack/eslint-patch'
1898 silly reify ]
1899 silly reify mark retired [ '/Users/user/Documents/afrovision/web/node_modules/@swc/counter' ]
1900 silly reify mark retired [ '/Users/user/Documents/afrovision/web/node_modules/@swc/helpers' ]
1901 silly reify mark retired [
1901 silly reify   '/Users/user/Documents/afrovision/web/node_modules/@tybys/wasm-util'
1901 silly reify ]
1902 silly reify mark retired [ '/Users/user/Documents/afrovision/web/node_modules/@types/estree' ]
1903 silly reify mark retired [
1903 silly reify   '/Users/user/Documents/afrovision/web/node_modules/@types/json-schema'
1903 silly reify ]
1904 silly reify mark retired [
1904 silly reify   '/Users/user/Documents/afrovision/web/node_modules/@typescript-eslint/eslint-plugin'
1904 silly reify ]
1905 silly reify mark retired [
1905 silly reify   '/Users/user/Documents/afrovision/web/node_modules/@typescript-eslint/parser'
1905 silly reify ]
1906 silly reify mark retired [
1906 silly reify   '/Users/user/Documents/afrovision/web/node_modules/@typescript-eslint/project-service'
1906 silly reify ]
1907 silly reify mark retired [
1907 silly reify   '/Users/user/Documents/afrovision/web/node_modules/@typescript-eslint/scope-manager'
1907 silly reify ]
1908 silly reify mark retired [
1908 silly reify   '/Users/user/Documents/afrovision/web/node_modules/@typescript-eslint/tsconfig-utils'
1908 silly reify ]
1909 silly reify mark retired [
1909 silly reify   '/Users/user/Documents/afrovision/web/node_modules/@typescript-eslint/type-utils'
1909 silly reify ]
1910 silly reify mark retired [
1910 silly reify   '/Users/user/Documents/afrovision/web/node_modules/@typescript-eslint/types'
1910 silly reify ]
1911 silly reify mark retired [
1911 silly reify   '/Users/user/Documents/afrovision/web/node_modules/@typescript-eslint/typescript-estree'
1911 silly reify ]
1912 silly reify mark retired [
1912 silly reify   '/Users/user/Documents/afrovision/web/node_modules/@typescript-eslint/utils'
1912 silly reify ]
1913 silly reify mark retired [
1913 silly reify   '/Users/user/Documents/afrovision/web/node_modules/@typescript-eslint/visitor-keys'
1913 silly reify ]
1914 silly reify mark retired [
1914 silly reify   '/Users/user/Documents/afrovision/web/node_modules/@unrs/resolver-binding-android-arm-eabi'
1914 silly reify ]
1915 silly reify mark retired [
1915 silly reify   '/Users/user/Documents/afrovision/web/node_modules/@unrs/resolver-binding-android-arm64'
1915 silly reify ]
1916 silly reify mark retired [
1916 silly reify   '/Users/user/Documents/afrovision/web/node_modules/@unrs/resolver-binding-darwin-arm64'
1916 silly reify ]
1917 silly reify mark retired [
1917 silly reify   '/Users/user/Documents/afrovision/web/node_modules/@unrs/resolver-binding-freebsd-x64'
1917 silly reify ]
1918 silly reify mark retired [
1918 silly reify   '/Users/user/Documents/afrovision/web/node_modules/@unrs/resolver-binding-linux-arm-gnueabihf'
1918 silly reify ]
1919 silly reify mark retired [
1919 silly reify   '/Users/user/Documents/afrovision/web/node_modules/@unrs/resolver-binding-linux-arm-musleabihf'
1919 silly reify ]
1920 silly reify mark retired [
1920 silly reify   '/Users/user/Documents/afrovision/web/node_modules/@unrs/resolver-binding-linux-arm64-gnu'
1920 silly reify ]
1921 silly reify mark retired [
1921 silly reify   '/Users/user/Documents/afrovision/web/node_modules/@unrs/resolver-binding-linux-arm64-musl'
1921 silly reify ]
1922 silly reify mark retired [
1922 silly reify   '/Users/user/Documents/afrovision/web/node_modules/@unrs/resolver-binding-linux-ppc64-gnu'
1922 silly reify ]
1923 silly reify mark retired [
1923 silly reify   '/Users/user/Documents/afrovision/web/node_modules/@unrs/resolver-binding-linux-riscv64-gnu'
1923 silly reify ]
1924 silly reify mark retired [
1924 silly reify   '/Users/user/Documents/afrovision/web/node_modules/@unrs/resolver-binding-linux-riscv64-musl'
1924 silly reify ]
1925 silly reify mark retired [
1925 silly reify   '/Users/user/Documents/afrovision/web/node_modules/@unrs/resolver-binding-linux-s390x-gnu'
1925 silly reify ]
1926 silly reify mark retired [
1926 silly reify   '/Users/user/Documents/afrovision/web/node_modules/@unrs/resolver-binding-linux-x64-gnu'
1926 silly reify ]
1927 silly reify mark retired [
1927 silly reify   '/Users/user/Documents/afrovision/web/node_modules/@unrs/resolver-binding-linux-x64-musl'
1927 silly reify ]
1928 silly reify mark retired [
1928 silly reify   '/Users/user/Documents/afrovision/web/node_modules/@unrs/resolver-binding-wasm32-wasi'
1928 silly reify ]
1929 silly reify mark retired [
1929 silly reify   '/Users/user/Documents/afrovision/web/node_modules/@unrs/resolver-binding-win32-arm64-msvc'
1929 silly reify ]
1930 silly reify mark retired [
1930 silly reify   '/Users/user/Documents/afrovision/web/node_modules/@unrs/resolver-binding-win32-ia32-msvc'
1930 silly reify ]
1931 silly reify mark retired [
1931 silly reify   '/Users/user/Documents/afrovision/web/node_modules/@unrs/resolver-binding-win32-x64-msvc'
1931 silly reify ]
1932 silly reify mark retired [ '/Users/user/Documents/afrovision/web/node_modules/for-each' ]
1933 silly reify mark retired [
1933 silly reify   '/Users/user/Documents/afrovision/web/node_modules/loose-envify',
1933 silly reify   '/Users/user/Documents/afrovision/web/node_modules/.bin/loose-envify'
1933 silly reify ]
1934 silly reify moves {
1934 silly reify   '/Users/user/Documents/afrovision/web/node_modules/acorn': '/Users/user/Documents/afrovision/web/node_modules/.acorn-kjqt1ZSS',
1934 silly reify   '/Users/user/Documents/afrovision/web/node_modules/acorn-jsx': '/Users/user/Documents/afrovision/web/node_modules/.acorn-jsx-1YGUnKm7',
1934 silly reify   '/Users/user/Documents/afrovision/web/node_modules/ajv': '/Users/user/Documents/afrovision/web/node_modules/.ajv-d59ALDyT',
1934 silly reify   '/Users/user/Documents/afrovision/web/node_modules/ansi-styles': '/Users/user/Documents/afrovision/web/node_modules/.ansi-styles-N9JQM3sD',
1934 silly reify   '/Users/user/Documents/afrovision/web/node_modules/argparse': '/Users/user/Documents/afrovision/web/node_modules/.argparse-qHuWtSt9',
1934 silly reify   '/Users/user/Documents/afrovision/web/node_modules/array-buffer-byte-length': '/Users/user/Documents/afrovision/web/node_modules/.array-buffer-byte-length-ryVpAhKq',
1934 silly reify   '/Users/user/Documents/afrovision/web/node_modules/array.prototype.findlast': '/Users/user/Documents/afrovision/web/node_modules/.array.prototype.findlast-lWTsVPKq',
1934 silly reify   '/Users/user/Documents/afrovision/web/node_modules/array.prototype.findlastindex': '/Users/user/Documents/afrovision/web/node_modules/.array.prototype.findlastindex-a37FGSDi',
1934 silly reify   '/Users/user/Documents/afrovision/web/node_modules/array.prototype.tosorted': '/Users/user/Documents/afrovision/web/node_modules/.array.prototype.tosorted-tT7qZkSD',
1934 silly reify   '/Users/user/Documents/afrovision/web/node_modules/arraybuffer.prototype.slice': '/Users/user/Documents/afrovision/web/node_modules/.arraybuffer.prototype.slice-tYBmnxIZ',
1934 silly reify   '/Users/user/Documents/afrovision/web/node_modules/available-typed-arrays': '/Users/user/Documents/afrovision/web/node_modules/.available-typed-arrays-ZIreO03w',
1934 silly reify   '/Users/user/Documents/afrovision/web/node_modules/axe-core': '/Users/user/Documents/afrovision/web/node_modules/.axe-core-dXNpBm03',
1934 silly reify   '/Users/user/Documents/afrovision/web/node_modules/axobject-query': '/Users/user/Documents/afrovision/web/node_modules/.axobject-query-N9CMVyuL',
1934 silly reify   '/Users/user/Documents/afrovision/web/node_modules/balanced-match': '/Users/user/Documents/afrovision/web/node_modules/.balanced-match-eygg2NV1',
1934 silly reify   '/Users/user/Documents/afrovision/web/node_modules/brace-expansion': '/Users/user/Documents/afrovision/web/node_modules/.brace-expansion-08uNWnrH',
1934 silly reify   '/Users/user/Documents/afrovision/web/node_modules/braces': '/Users/user/Documents/afrovision/web/node_modules/.braces-ksuenNMC',
1934 silly reify   '/Users/user/Documents/afrovision/web/node_modules/busboy': '/Users/user/Documents/afrovision/web/node_modules/.busboy-JFKUOvZU',
1934 silly reify   '/Users/user/Documents/afrovision/web/node_modules/call-bind-apply-helpers': '/Users/user/Documents/afrovision/web/node_modules/.call-bind-apply-helpers-TxoCwEYp',
1934 silly reify   '/Users/user/Documents/afrovision/web/node_modules/caniuse-lite': '/Users/user/Documents/afrovision/web/node_modules/.caniuse-lite-Grwj6abv',
1934 silly reify   '/Users/user/Documents/afrovision/web/node_modules/chalk': '/Users/user/Documents/afrovision/web/node_modules/.chalk-hjIMiYaC',
1934 silly reify   '/Users/user/Documents/afrovision/web/node_modules/color-string': '/Users/user/Documents/afrovision/web/node_modules/.color-string-yOaYFRHy',
1934 silly reify   '/Users/user/Documents/afrovision/web/node_modules/cross-spawn': '/Users/user/Documents/afrovision/web/node_modules/.cross-spawn-YS6cO5gO',
1934 silly reify   '/Users/user/Documents/afrovision/web/node_modules/data-view-buffer': '/Users/user/Documents/afrovision/web/node_modules/.data-view-buffer-3r1p6ff9',
1934 silly reify   '/Users/user/Documents/afrovision/web/node_modules/data-view-byte-length': '/Users/user/Documents/afrovision/web/node_modules/.data-view-byte-length-u0EEFiSR',
1934 silly reify   '/Users/user/Documents/afrovision/web/node_modules/data-view-byte-offset': '/Users/user/Documents/afrovision/web/node_modules/.data-view-byte-offset-ixE52ZjA',
1934 silly reify   '/Users/user/Documents/afrovision/web/node_modules/debug': '/Users/user/Documents/afrovision/web/node_modules/.debug-wXZWSdk2',
1934 silly reify   '/Users/user/Documents/afrovision/web/node_modules/deep-is': '/Users/user/Documents/afrovision/web/node_modules/.deep-is-qYnN4ZuG',
1934 silly reify   '/Users/user/Documents/afrovision/web/node_modules/detect-libc': '/Users/user/Documents/afrovision/web/node_modules/.detect-libc-pA05m2AF',
1934 silly reify   '/Users/user/Documents/afrovision/web/node_modules/doctrine': '/Users/user/Documents/afrovision/web/node_modules/.doctrine-ylXuH1pv',
1934 silly reify   '/Users/user/Documents/afrovision/web/node_modules/dunder-proto': '/Users/user/Documents/afrovision/web/node_modules/.dunder-proto-9uTAXEYp',
1934 silly reify   '/Users/user/Documents/afrovision/web/node_modules/emoji-regex': '/Users/user/Documents/afrovision/web/node_modules/.emoji-regex-Gzgw3bmE',
1934 silly reify   '/Users/user/Documents/afrovision/web/node_modules/es-define-property': '/Users/user/Documents/afrovision/web/node_modules/.es-define-property-cVMhc1JB',
1934 silly reify   '/Users/user/Documents/afrovision/web/node_modules/es-iterator-helpers': '/Users/user/Documents/afrovision/web/node_modules/.es-iterator-helpers-qdE6T78n',
1934 silly reify   '/Users/user/Documents/afrovision/web/node_modules/es-set-tostringtag': '/Users/user/Documents/afrovision/web/node_modules/.es-set-tostringtag-JXc1IJfy',
1934 silly reify   '/Users/user/Documents/afrovision/web/node_modules/es-to-primitive': '/Users/user/Documents/afrovision/web/node_modules/.es-to-primitive-fjsA2WA9',
1934 silly reify   '/Users/user/Documents/afrovision/web/node_modules/escape-string-regexp': '/Users/user/Documents/afrovision/web/node_modules/.escape-string-regexp-7Mhzyqxf',
1934 silly reify   '/Users/user/Documents/afrovision/web/node_modules/eslint': '/Users/user/Documents/afrovision/web/node_modules/.eslint-tyJ7v5vH',
1934 silly reify   '/Users/user/Documents/afrovision/web/node_modules/eslint-config-next': '/Users/user/Documents/afrovision/web/node_modules/.eslint-config-next-NxmGjLvb',
1934 silly reify   '/Users/user/Documents/afrovision/web/node_modules/eslint-import-resolver-node': '/Users/user/Documents/afrovision/web/node_modules/.eslint-import-resolver-node-U3e5P2Rw',
1934 silly reify   '/Users/user/Documents/afrovision/web/node_modules/eslint-import-resolver-typescript': '/Users/user/Documents/afrovision/web/node_modules/.eslint-import-resolver-typescript-k5pSZQT1',
1934 silly reify   '/Users/user/Documents/afrovision/web/node_modules/eslint-module-utils': '/Users/user/Documents/afrovision/web/node_modules/.eslint-module-utils-Fyd08w65',
1934 silly reify   '/Users/user/Documents/afrovision/web/node_modules/eslint-plugin-import': '/Users/user/Documents/afrovision/web/node_modules/.eslint-plugin-import-sVE2vGkb',
1934 silly reify   '/Users/user/Documents/afrovision/web/node_modules/eslint-plugin-react-hooks': '/Users/user/Documents/afrovision/web/node_modules/.eslint-plugin-react-hooks-Ic1CJKJq',
1934 silly reify   '/Users/user/Documents/afrovision/web/node_modules/eslint-scope': '/Users/user/Documents/afrovision/web/node_modules/.eslint-scope-TQnnDDtD',
1934 silly reify   '/Users/user/Documents/afrovision/web/node_modules/eslint-visitor-keys': '/Users/user/Documents/afrovision/web/node_modules/.eslint-visitor-keys-SS0E04fb',
1934 silly reify   '/Users/user/Documents/afrovision/web/node_modules/espree': '/Users/user/Documents/afrovision/web/node_modules/.espree-DQ2YApW0',
1934 silly reify   '/Users/user/Documents/afrovision/web/node_modules/esquery': '/Users/user/Documents/afrovision/web/node_modules/.esquery-aMsEomic',
1934 silly reify   '/Users/user/Documents/afrovision/web/node_modules/esrecurse': '/Users/user/Documents/afrovision/web/node_modules/.esrecurse-AXgJ3tHR',
1934 silly reify   '/Users/user/Documents/afrovision/web/node_modules/estraverse': '/Users/user/Documents/afrovision/web/node_modules/.estraverse-V8dYSLKZ',
1934 silly reify   '/Users/user/Documents/afrovision/web/node_modules/esutils': '/Users/user/Documents/afrovision/web/node_modules/.esutils-YuTlNtAY',
1934 silly reify   '/Users/user/Documents/afrovision/web/node_modules/fast-deep-equal': '/Users/user/Documents/afrovision/web/node_modules/.fast-deep-equal-CJzRGI64',
1934 silly reify   '/Users/user/Documents/afrovision/web/node_modules/fast-glob': '/Users/user/Documents/afrovision/web/node_modules/.fast-glob-U2Riduwx',
1934 silly reify   '/Users/user/Documents/afrovision/web/node_modules/fast-json-stable-stringify': '/Users/user/Documents/afrovision/web/node_modules/.fast-json-stable-stringify-DyFsA73B',
1934 silly reify   '/Users/user/Documents/afrovision/web/node_modules/fastq': '/Users/user/Documents/afrovision/web/node_modules/.fastq-txBJHgGR',
1934 silly reify   '/Users/user/Documents/afrovision/web/node_modules/fdir': '/Users/user/Documents/afrovision/web/node_modules/.fdir-SmSiOdZD',
1934 silly reify   '/Users/user/Documents/afrovision/web/node_modules/file-entry-cache': '/Users/user/Documents/afrovision/web/node_modules/.file-entry-cache-RTkTpUhu',
1934 silly reify   '/Users/user/Documents/afrovision/web/node_modules/fill-range': '/Users/user/Documents/afrovision/web/node_modules/.fill-range-4uYpgwZk',
1934 silly reify   '/Users/user/Documents/afrovision/web/node_modules/find-up': '/Users/user/Documents/afrovision/web/node_modules/.find-up-fqm01vaK',
1934 silly reify   '/Users/user/Documents/afrovision/web/node_modules/flat-cache': '/Users/user/Documents/afrovision/web/node_modules/.flat-cache-e4fJWek4',
1934 silly reify   '/Users/user/Documents/afrovision/web/node_modules/flatted': '/Users/user/Documents/afrovision/web/node_modules/.flatted-MaPAq9r2',
1934 silly reify   '/Users/user/Documents/afrovision/web/node_modules/function-bind': '/Users/user/Documents/afrovision/web/node_modules/.function-bind-Hk2wBSk5',
1934 silly reify   '/Users/user/Documents/afrovision/web/node_modules/get-symbol-description': '/Users/user/Documents/afrovision/web/node_modules/.get-symbol-description-hrnYi1AG',
1934 silly reify   '/Users/user/Documents/afrovision/web/node_modules/get-tsconfig': '/Users/user/Documents/afrovision/web/node_modules/.get-tsconfig-lfG2pomf',
1934 silly reify   '/Users/user/Documents/afrovision/web/node_modules/glob-parent': '/Users/user/Documents/afrovision/web/node_modules/.glob-parent-M4twpPQb',
1934 silly reify   '/Users/user/Documents/afrovision/web/node_modules/globals': '/Users/user/Documents/afrovision/web/node_modules/.globals-GREyICF4',
1934 silly reify   '/Users/user/Documents/afrovision/web/node_modules/globalthis': '/Users/user/Documents/afrovision/web/node_modules/.globalthis-N5F4LFYu',
1934 silly reify   '/Users/user/Documents/afrovision/web/node_modules/gopd': '/Users/user/Documents/afrovision/web/node_modules/.gopd-JlSN4DRp',
1934 silly reify   '/Users/user/Documents/afrovision/web/node_modules/has-bigints': '/Users/user/Documents/afrovision/web/node_modules/.has-bigints-T9BtAxcA',
1934 silly reify   '/Users/user/Documents/afrovision/web/node_modules/has-proto': '/Users/user/Documents/afrovision/web/node_modules/.has-proto-tDa8XkrC',
1934 silly reify   '/Users/user/Documents/afrovision/web/node_modules/hasown': '/Users/user/Documents/afrovision/web/node_modules/.hasown-L9r7kCmN',
1934 silly reify   '/Users/user/Documents/afrovision/web/node_modules/ignore': '/Users/user/Documents/afrovision/web/node_modules/.ignore-NiDeKOx3',
1934 silly reify   '/Users/user/Documents/afrovision/web/node_modules/import-fresh': '/Users/user/Documents/afrovision/web/node_modules/.import-fresh-vzq0ZJ42',
1934 silly reify   '/Users/user/Documents/afrovision/web/node_modules/imurmurhash': '/Users/user/Documents/afrovision/web/node_modules/.imurmurhash-yYxKgBmw',
1934 silly reify   '/Users/user/Documents/afrovision/web/node_modules/internal-slot': '/Users/user/Documents/afrovision/web/node_modules/.internal-slot-ah6WgiWu',
1934 silly reify   '/Users/user/Documents/afrovision/web/node_modules/is-array-buffer': '/Users/user/Documents/afrovision/web/node_modules/.is-array-buffer-roDl2jLG',
1934 silly reify   '/Users/user/Documents/afrovision/web/node_modules/is-bun-module': '/Users/user/Documents/afrovision/web/node_modules/.is-bun-module-PlRPk8Ur',
1934 silly reify   '/Users/user/Documents/afrovision/web/node_modules/is-core-module': '/Users/user/Documents/afrovision/web/node_modules/.is-core-module-x0OtT0tm',
1934 silly reify   '/Users/user/Documents/afrovision/web/node_modules/is-data-view': '/Users/user/Documents/afrovision/web/node_modules/.is-data-view-Pi4VsEx9',
1934 silly reify   '/Users/user/Documents/afrovision/web/node_modules/is-extglob': '/Users/user/Documents/afrovision/web/node_modules/.is-extglob-knXSAKk5',
1934 silly reify   '/Users/user/Documents/afrovision/web/node_modules/is-glob': '/Users/user/Documents/afrovision/web/node_modules/.is-glob-RyDrRw9q',
1934 silly reify   '/Users/user/Documents/afrovision/web/node_modules/is-negative-zero': '/Users/user/Documents/afrovision/web/node_modules/.is-negative-zero-NB0NgkXu',
1934 silly reify   '/Users/user/Documents/afrovision/web/node_modules/is-shared-array-buffer': '/Users/user/Documents/afrovision/web/node_modules/.is-shared-array-buffer-FAvCeFp6',
1934 silly reify   '/Users/user/Documents/afrovision/web/node_modules/is-typed-array': '/Users/user/Documents/afrovision/web/node_modules/.is-typed-array-W98qVC9G',
1934 silly reify   '/Users/user/Documents/afrovision/web/node_modules/js-yaml': '/Users/user/Documents/afrovision/web/node_modules/.js-yaml-aQxMAAYX',
1934 silly reify   '/Users/user/Documents/afrovision/web/node_modules/json-buffer': '/Users/user/Documents/afrovision/web/node_modules/.json-buffer-ls1e8Qa8',
1934 silly reify   '/Users/user/Documents/afrovision/web/node_modules/json-schema-traverse': '/Users/user/Documents/afrovision/web/node_modules/.json-schema-traverse-z7UiqT43',
1934 silly reify   '/Users/user/Documents/afrovision/web/node_modules/json-stable-stringify-without-jsonify': '/Users/user/Documents/afrovision/web/node_modules/.json-stable-stringify-without-jsonify-TWvbe53r',
1934 silly reify   '/Users/user/Documents/afrovision/web/node_modules/json5': '/Users/user/Documents/afrovision/web/node_modules/.json5-l2iggtIW',
1934 silly reify   '/Users/user/Documents/afrovision/web/node_modules/keyv': '/Users/user/Documents/afrovision/web/node_modules/.keyv-TJeyIA20',
1934 silly reify   '/Users/user/Documents/afrovision/web/node_modules/levn': '/Users/user/Documents/afrovision/web/node_modules/.levn-RgQYDwrE',
1934 silly reify   '/Users/user/Documents/afrovision/web/node_modules/locate-path': '/Users/user/Documents/afrovision/web/node_modules/.locate-path-nrVCo4U2',
1934 silly reify   '/Users/user/Documents/afrovision/web/node_modules/lodash.merge': '/Users/user/Documents/afrovision/web/node_modules/.lodash.merge-xbQkaRQA',
1934 silly reify   '/Users/user/Documents/afrovision/web/node_modules/math-intrinsics': '/Users/user/Documents/afrovision/web/node_modules/.math-intrinsics-ScpJLhno',
1934 silly reify   '/Users/user/Documents/afrovision/web/node_modules/merge2': '/Users/user/Documents/afrovision/web/node_modules/.merge2-7vz73gmP',
1934 silly reify   '/Users/user/Documents/afrovision/web/node_modules/micromatch': '/Users/user/Documents/afrovision/web/node_modules/.micromatch-Cb1l7mIy',
1934 silly reify   '/Users/user/Documents/afrovision/web/node_modules/minimatch': '/Users/user/Documents/afrovision/web/node_modules/.minimatch-jwbKxXSR',
1934 silly reify   '/Users/user/Documents/afrovision/web/node_modules/minimist': '/Users/user/Documents/afrovision/web/node_modules/.minimist-BLrH2a7b',
1934 silly reify   '/Users/user/Documents/afrovision/web/node_modules/ms': '/Users/user/Documents/afrovision/web/node_modules/.ms-jMOPsBEu',
1934 silly reify   '/Users/user/Documents/afrovision/web/node_modules/nanoid': '/Users/user/Documents/afrovision/web/node_modules/.nanoid-M1uyc4tG',
1934 silly reify   '/Users/user/Documents/afrovision/web/node_modules/natural-compare': '/Users/user/Documents/afrovision/web/node_modules/.natural-compare-28Szxqd4',
1934 silly reify   '/Users/user/Documents/afrovision/web/node_modules/napi-postinstall': '/Users/user/Documents/afrovision/web/node_modules/.napi-postinstall-RReGU6Lp',
1934 silly reify   '/Users/user/Documents/afrovision/web/node_modules/next': '/Users/user/Documents/afrovision/web/node_modules/.next-q4bOpaMK',
1934 silly reify   '/Users/user/Documents/afrovision/web/node_modules/object-keys': '/Users/user/Documents/afrovision/web/node_modules/.object-keys-SK6TQRec',
1934 silly reify   '/Users/user/Documents/afrovision/web/node_modules/object.fromentries': '/Users/user/Documents/afrovision/web/node_modules/.object.fromentries-tlgynoLf',
1934 silly reify   '/Users/user/Documents/afrovision/web/node_modules/object.groupby': '/Users/user/Documents/afrovision/web/node_modules/.object.groupby-MhLIg5Aq',
1934 silly reify   '/Users/user/Documents/afrovision/web/node_modules/optionator': '/Users/user/Documents/afrovision/web/node_modules/.optionator-V2hDHUpU',
1934 silly reify   '/Users/user/Documents/afrovision/web/node_modules/own-keys': '/Users/user/Documents/afrovision/web/node_modules/.own-keys-cIHRxcPn',
1934 silly reify   '/Users/user/Documents/afrovision/web/node_modules/p-locate': '/Users/user/Documents/afrovision/web/node_modules/.p-locate-vSoJt2Sg',
1934 silly reify   '/Users/user/Documents/afrovision/web/node_modules/parent-module': '/Users/user/Documents/afrovision/web/node_modules/.parent-module-wApFxyzq',
1934 silly reify   '/Users/user/Documents/afrovision/web/node_modules/path-exists': '/Users/user/Documents/afrovision/web/node_modules/.path-exists-v9eu0vwN',
1934 silly reify   '/Users/user/Documents/afrovision/web/node_modules/path-key': '/Users/user/Documents/afrovision/web/node_modules/.path-key-VcWcRCRE',
1934 silly reify   '/Users/user/Documents/afrovision/web/node_modules/picomatch': '/Users/user/Documents/afrovision/web/node_modules/.picomatch-mHJ9Q4os',
1934 silly reify   '/Users/user/Documents/afrovision/web/node_modules/possible-typed-array-names': '/Users/user/Documents/afrovision/web/node_modules/.possible-typed-array-names-W4tT4EzO',
1934 silly reify   '/Users/user/Documents/afrovision/web/node_modules/postcss': '/Users/user/Documents/afrovision/web/node_modules/.postcss-wPivYA59',
1934 silly reify   '/Users/user/Documents/afrovision/web/node_modules/prelude-ls': '/Users/user/Documents/afrovision/web/node_modules/.prelude-ls-J7RJtWdL',
1934 silly reify   '/Users/user/Documents/afrovision/web/node_modules/prop-types': '/Users/user/Documents/afrovision/web/node_modules/.prop-types-wZAJ8FSB',
1934 silly reify   '/Users/user/Documents/afrovision/web/node_modules/react': '/Users/user/Documents/afrovision/web/node_modules/.react-HnGjWFo9',
1934 silly reify   '/Users/user/Documents/afrovision/web/node_modules/react-dom': '/Users/user/Documents/afrovision/web/node_modules/.react-dom-741DeyGV',
1934 silly reify   '/Users/user/Documents/afrovision/web/node_modules/reflect.getprototypeof': '/Users/user/Documents/afrovision/web/node_modules/.reflect.getprototypeof-NKKa0hDY',
1934 silly reify   '/Users/user/Documents/afrovision/web/node_modules/regexp.prototype.flags': '/Users/user/Documents/afrovision/web/node_modules/.regexp.prototype.flags-HPudiJiX',
1934 silly reify   '/Users/user/Documents/afrovision/web/node_modules/resolve': '/Users/user/Documents/afrovision/web/node_modules/.resolve-ma1N0iRY',
1934 silly reify   '/Users/user/Documents/afrovision/web/node_modules/resolve-pkg-maps': '/Users/user/Documents/afrovision/web/node_modules/.resolve-pkg-maps-IpawYTPG',
1934 silly reify   '/Users/user/Documents/afrovision/web/node_modules/reusify': '/Users/user/Documents/afrovision/web/node_modules/.reusify-kTmyLhc1',
1934 silly reify   '/Users/user/Documents/afrovision/web/node_modules/run-parallel': '/Users/user/Documents/afrovision/web/node_modules/.run-parallel-c7k29jYH',
1934 silly reify   '/Users/user/Documents/afrovision/web/node_modules/safe-array-concat': '/Users/user/Documents/afrovision/web/node_modules/.safe-array-concat-PT5Zl9wI',
1934 silly reify   '/Users/user/Documents/afrovision/web/node_modules/safe-push-apply': '/Users/user/Documents/afrovision/web/node_modules/.safe-push-apply-UI5jVcfu',
1934 silly reify   '/Users/user/Documents/afrovision/web/node_modules/scheduler': '/Users/user/Documents/afrovision/web/node_modules/.scheduler-qYuN6ZGS',
1934 silly reify   '/Users/user/Documents/afrovision/web/node_modules/semver': '/Users/user/Documents/afrovision/web/node_modules/.semver-Wr432JVv',
1934 silly reify   '/Users/user/Documents/afrovision/web/node_modules/set-function-length': '/Users/user/Documents/afrovision/web/node_modules/.set-function-length-LQbaa0PG',
1934 silly reify   '/Users/user/Documents/afrovision/web/node_modules/set-proto': '/Users/user/Documents/afrovision/web/node_modules/.set-proto-CgUUdU0O',
1934 silly reify   '/Users/user/Documents/afrovision/web/node_modules/sharp': '/Users/user/Documents/afrovision/web/node_modules/.sharp-oMVyBo7G',
1934 silly reify   '/Users/user/Documents/afrovision/web/node_modules/shebang-command': '/Users/user/Documents/afrovision/web/node_modules/.shebang-command-0cjVD3oL',
1934 silly reify   '/Users/user/Documents/afrovision/web/node_modules/side-channel': '/Users/user/Documents/afrovision/web/node_modules/.side-channel-NpskKtiG',
1934 silly reify   '/Users/user/Documents/afrovision/web/node_modules/side-channel-list': '/Users/user/Documents/afrovision/web/node_modules/.side-channel-list-9YZZ683t',
1934 silly reify   '/Users/user/Documents/afrovision/web/node_modules/side-channel-map': '/Users/user/Documents/afrovision/web/node_modules/.side-channel-map-bNEtUafI',
1934 silly reify   '/Users/user/Documents/afrovision/web/node_modules/side-channel-weakmap': '/Users/user/Documents/afrovision/web/node_modules/.side-channel-weakmap-pefXfauH',
1934 silly reify   '/Users/user/Documents/afrovision/web/node_modules/source-map-js': '/Users/user/Documents/afrovision/web/node_modules/.source-map-js-yCDypPL3',
1934 silly reify   '/Users/user/Documents/afrovision/web/node_modules/stable-hash': '/Users/user/Documents/afrovision/web/node_modules/.stable-hash-48ozUp4t',
1934 silly reify   '/Users/user/Documents/afrovision/web/node_modules/stop-iteration-iterator': '/Users/user/Documents/afrovision/web/node_modules/.stop-iteration-iterator-3F3cmYwy',
1934 silly reify   '/Users/user/Documents/afrovision/web/node_modules/streamsearch': '/Users/user/Documents/afrovision/web/node_modules/.streamsearch-e2Ag6Si6',
1934 silly reify   '/Users/user/Documents/afrovision/web/node_modules/string.prototype.includes': '/Users/user/Documents/afrovision/web/node_modules/.string.prototype.includes-ki9OFykI',
1934 silly reify   '/Users/user/Documents/afrovision/web/node_modules/string.prototype.matchall': '/Users/user/Documents/afrovision/web/node_modules/.string.prototype.matchall-nDrOUbVD',
1934 silly reify   '/Users/user/Documents/afrovision/web/node_modules/string.prototype.repeat': '/Users/user/Documents/afrovision/web/node_modules/.string.prototype.repeat-EAP2X6Tm',
1934 silly reify   '/Users/user/Documents/afrovision/web/node_modules/string.prototype.trim': '/Users/user/Documents/afrovision/web/node_modules/.string.prototype.trim-MEDkzkFA',
1934 silly reify   '/Users/user/Documents/afrovision/web/node_modules/string.prototype.trimend': '/Users/user/Documents/afrovision/web/node_modules/.string.prototype.trimend-CusNJ33x',
1934 silly reify   '/Users/user/Documents/afrovision/web/node_modules/string.prototype.trimstart': '/Users/user/Documents/afrovision/web/node_modules/.string.prototype.trimstart-yPzBbgY8',
1934 silly reify   '/Users/user/Documents/afrovision/web/node_modules/strip-json-comments': '/Users/user/Documents/afrovision/web/node_modules/.strip-json-comments-D6w9C4DS',
1934 silly reify   '/Users/user/Documents/afrovision/web/node_modules/styled-jsx': '/Users/user/Documents/afrovision/web/node_modules/.styled-jsx-otvoepBZ',
1934 silly reify   '/Users/user/Documents/afrovision/web/node_modules/supports-color': '/Users/user/Documents/afrovision/web/node_modules/.supports-color-dnGbqpCJ',
1934 silly reify   '/Users/user/Documents/afrovision/web/node_modules/supports-preserve-symlinks-flag': '/Users/user/Documents/afrovision/web/node_modules/.supports-preserve-symlinks-flag-ANMJHQv4',
1934 silly reify   '/Users/user/Documents/afrovision/web/node_modules/tinyglobby': '/Users/user/Documents/afrovision/web/node_modules/.tinyglobby-MCmABjqt',
1934 silly reify   '/Users/user/Documents/afrovision/web/node_modules/ts-api-utils': '/Users/user/Documents/afrovision/web/node_modules/.ts-api-utils-6n9KQnYs',
1934 silly reify   '/Users/user/Documents/afrovision/web/node_modules/tsconfig-paths': '/Users/user/Documents/afrovision/web/node_modules/.tsconfig-paths-gJM4kMlf',
1934 silly reify   '/Users/user/Documents/afrovision/web/node_modules/tslib': '/Users/user/Documents/afrovision/web/node_modules/.tslib-LALifvDL',
1934 silly reify   '/Users/user/Documents/afrovision/web/node_modules/type-check': '/Users/user/Documents/afrovision/web/node_modules/.type-check-CVW7v4sE',
1934 silly reify   '/Users/user/Documents/afrovision/web/node_modules/typed-array-buffer': '/Users/user/Documents/afrovision/web/node_modules/.typed-array-buffer-tmYfJA2k',
1934 silly reify   '/Users/user/Documents/afrovision/web/node_modules/typed-array-byte-length': '/Users/user/Documents/afrovision/web/node_modules/.typed-array-byte-length-GMwqN3f2',
1934 silly reify   '/Users/user/Documents/afrovision/web/node_modules/typed-array-byte-offset': '/Users/user/Documents/afrovision/web/node_modules/.typed-array-byte-offset-n3qv9D9i',
1934 silly reify   '/Users/user/Documents/afrovision/web/node_modules/typed-array-length': '/Users/user/Documents/afrovision/web/node_modules/.typed-array-length-9OEwFRV3',
1934 silly reify   '/Users/user/Documents/afrovision/web/node_modules/unbox-primitive': '/Users/user/Documents/afrovision/web/node_modules/.unbox-primitive-YjrJFDjr',
1934 silly reify   '/Users/user/Documents/afrovision/web/node_modules/unrs-resolver': '/Users/user/Documents/afrovision/web/node_modules/.unrs-resolver-Bp5i43Tb',
1934 silly reify   '/Users/user/Documents/afrovision/web/node_modules/uri-js': '/Users/user/Documents/afrovision/web/node_modules/.uri-js-lkWJcK8h',
1934 silly reify   '/Users/user/Documents/afrovision/web/node_modules/which': '/Users/user/Documents/afrovision/web/node_modules/.which-N9XSrTcQ',
1934 silly reify   '/Users/user/Documents/afrovision/web/node_modules/which-builtin-type': '/Users/user/Documents/afrovision/web/node_modules/.which-builtin-type-sjSIQggm',
1934 silly reify   '/Users/user/Documents/afrovision/web/node_modules/yocto-queue': '/Users/user/Documents/afrovision/web/node_modules/.yocto-queue-lliBnBeD',
1934 silly reify   '/Users/user/Documents/afrovision/web/node_modules/@emnapi/core': '/Users/user/Documents/afrovision/web/node_modules/@emnapi/.core-Wi4542PX',
1934 silly reify   '/Users/user/Documents/afrovision/web/node_modules/@emnapi/runtime': '/Users/user/Documents/afrovision/web/node_modules/@emnapi/.runtime-CH4jupTF',
1934 silly reify   '/Users/user/Documents/afrovision/web/node_modules/@emnapi/wasi-threads': '/Users/user/Documents/afrovision/web/node_modules/@emnapi/.wasi-threads-AqkguXWk',
1934 silly reify   '/Users/user/Documents/afrovision/web/node_modules/@eslint/config-array': '/Users/user/Documents/afrovision/web/node_modules/@eslint/.config-array-7af3P14S',
1934 silly reify   '/Users/user/Documents/afrovision/web/node_modules/@eslint/config-helpers': '/Users/user/Documents/afrovision/web/node_modules/@eslint/.config-helpers-Iik9a1wk',
1934 silly reify   '/Users/user/Documents/afrovision/web/node_modules/@eslint/core': '/Users/user/Documents/afrovision/web/node_modules/@eslint/.core-dRsrAzin',
1934 silly reify   '/Users/user/Documents/afrovision/web/node_modules/@eslint/eslintrc': '/Users/user/Documents/afrovision/web/node_modules/@eslint/.eslintrc-JssqV5pv',
1934 silly reify   '/Users/user/Documents/afrovision/web/node_modules/@eslint/js': '/Users/user/Documents/afrovision/web/node_modules/@eslint/.js-DTfjPvxp',
1934 silly reify   '/Users/user/Documents/afrovision/web/node_modules/@eslint/object-schema': '/Users/user/Documents/afrovision/web/node_modules/@eslint/.object-schema-nR7G6ure',
1934 silly reify   '/Users/user/Documents/afrovision/web/node_modules/@eslint/plugin-kit': '/Users/user/Documents/afrovision/web/node_modules/@eslint/.plugin-kit-YdULzmPr',
1934 silly reify   '/Users/user/Documents/afrovision/web/node_modules/@eslint-community/eslint-utils': '/Users/user/Documents/afrovision/web/node_modules/@eslint-community/.eslint-utils-uf8bEKeq',
1934 silly reify   '/Users/user/Documents/afrovision/web/node_modules/@eslint-community/regexpp': '/Users/user/Documents/afrovision/web/node_modules/@eslint-community/.regexpp-fyc745Kc',
1934 silly reify   '/Users/user/Documents/afrovision/web/node_modules/@humanfs/core': '/Users/user/Documents/afrovision/web/node_modules/@humanfs/.core-C88wBvkw',
1934 silly reify   '/Users/user/Documents/afrovision/web/node_modules/@humanfs/node': '/Users/user/Documents/afrovision/web/node_modules/@humanfs/.node-snhtLX2c',
1934 silly reify   '/Users/user/Documents/afrovision/web/node_modules/@humanwhocodes/module-importer': '/Users/user/Documents/afrovision/web/node_modules/@humanwhocodes/.module-importer-BSpGr39j',
1934 silly reify   '/Users/user/Documents/afrovision/web/node_modules/@humanwhocodes/retry': '/Users/user/Documents/afrovision/web/node_modules/@humanwhocodes/.retry-RIcVSqMO',
1934 silly reify   '/Users/user/Documents/afrovision/web/node_modules/@img/sharp-darwin-arm64': '/Users/user/Documents/afrovision/web/node_modules/@img/.sharp-darwin-arm64-Nq2YYrqH',
1934 silly reify   '/Users/user/Documents/afrovision/web/node_modules/@img/sharp-libvips-darwin-arm64': '/Users/user/Documents/afrovision/web/node_modules/@img/.sharp-libvips-darwin-arm64-WFpI4sVf',
1934 silly reify   '/Users/user/Documents/afrovision/web/node_modules/@img/sharp-libvips-linux-arm': '/Users/user/Documents/afrovision/web/node_modules/@img/.sharp-libvips-linux-arm-MfHO8O6r',
1934 silly reify   '/Users/user/Documents/afrovision/web/node_modules/@img/sharp-libvips-linux-arm64': '/Users/user/Documents/afrovision/web/node_modules/@img/.sharp-libvips-linux-arm64-NadKZ5zO',
1934 silly reify   '/Users/user/Documents/afrovision/web/node_modules/@img/sharp-libvips-linux-s390x': '/Users/user/Documents/afrovision/web/node_modules/@img/.sharp-libvips-linux-s390x-gKDb5Wrd',
1934 silly reify   '/Users/user/Documents/afrovision/web/node_modules/@img/sharp-libvips-linux-x64': '/Users/user/Documents/afrovision/web/node_modules/@img/.sharp-libvips-linux-x64-lqvFPTMV',
1934 silly reify   '/Users/user/Documents/afrovision/web/node_modules/@img/sharp-libvips-linuxmusl-arm64': '/Users/user/Documents/afrovision/web/node_modules/@img/.sharp-libvips-linuxmusl-arm64-RVstcpIa',
1934 silly reify   '/Users/user/Documents/afrovision/web/node_modules/@img/sharp-libvips-linuxmusl-x64': '/Users/user/Documents/afrovision/web/node_modules/@img/.sharp-libvips-linuxmusl-x64-tBt5bE5Y',
1934 silly reify   '/Users/user/Documents/afrovision/web/node_modules/@img/sharp-linux-arm': '/Users/user/Documents/afrovision/web/node_modules/@img/.sharp-linux-arm-st1GbBJb',
1934 silly reify   '/Users/user/Documents/afrovision/web/node_modules/@img/sharp-linux-arm64': '/Users/user/Documents/afrovision/web/node_modules/@img/.sharp-linux-arm64-95s8oUY7',
1934 silly reify   '/Users/user/Documents/afrovision/web/node_modules/@img/sharp-linux-s390x': '/Users/user/Documents/afrovision/web/node_modules/@img/.sharp-linux-s390x-FE1KkDDy',
1934 silly reify   '/Users/user/Documents/afrovision/web/node_modules/@img/sharp-linux-x64': '/Users/user/Documents/afrovision/web/node_modules/@img/.sharp-linux-x64-5ZjMXaMQ',
1934 silly reify   '/Users/user/Documents/afrovision/web/node_modules/@img/sharp-linuxmusl-arm64': '/Users/user/Documents/afrovision/web/node_modules/@img/.sharp-linuxmusl-arm64-1mwf4VwZ',
1934 silly reify   '/Users/user/Documents/afrovision/web/node_modules/@img/sharp-linuxmusl-x64': '/Users/user/Documents/afrovision/web/node_modules/@img/.sharp-linuxmusl-x64-i2YCPX3f',
1934 silly reify   '/Users/user/Documents/afrovision/web/node_modules/@img/sharp-wasm32': '/Users/user/Documents/afrovision/web/node_modules/@img/.sharp-wasm32-8JqoeUUH',
1934 silly reify   '/Users/user/Documents/afrovision/web/node_modules/@img/sharp-win32-ia32': '/Users/user/Documents/afrovision/web/node_modules/@img/.sharp-win32-ia32-TfR4bb7B',
1934 silly reify   '/Users/user/Documents/afrovision/web/node_modules/@img/sharp-win32-x64': '/Users/user/Documents/afrovision/web/node_modules/@img/.sharp-win32-x64-yieCRNE4',
1934 silly reify   '/Users/user/Documents/afrovision/web/node_modules/@napi-rs/wasm-runtime': '/Users/user/Documents/afrovision/web/node_modules/@napi-rs/.wasm-runtime-3En4fBlP',
1934 silly reify   '/Users/user/Documents/afrovision/web/node_modules/@next/env': '/Users/user/Documents/afrovision/web/node_modules/@next/.env-c9AWEVtu',
1934 silly reify   '/Users/user/Documents/afrovision/web/node_modules/@next/eslint-plugin-next': '/Users/user/Documents/afrovision/web/node_modules/@next/.eslint-plugin-next-G6yKGtRe',
1934 silly reify   '/Users/user/Documents/afrovision/web/node_modules/@next/swc-darwin-arm64': '/Users/user/Documents/afrovision/web/node_modules/@next/.swc-darwin-arm64-c3a8ofE5',
1934 silly reify   '/Users/user/Documents/afrovision/web/node_modules/@next/swc-linux-arm64-gnu': '/Users/user/Documents/afrovision/web/node_modules/@next/.swc-linux-arm64-gnu-0jNggoLf',
1934 silly reify   '/Users/user/Documents/afrovision/web/node_modules/@next/swc-linux-arm64-musl': '/Users/user/Documents/afrovision/web/node_modules/@next/.swc-linux-arm64-musl-V0i2w4A0',
1934 silly reify   '/Users/user/Documents/afrovision/web/node_modules/@next/swc-linux-x64-gnu': '/Users/user/Documents/afrovision/web/node_modules/@next/.swc-linux-x64-gnu-n4fJlwpW',
1934 silly reify   '/Users/user/Documents/afrovision/web/node_modules/@next/swc-linux-x64-musl': '/Users/user/Documents/afrovision/web/node_modules/@next/.swc-linux-x64-musl-rZe8sk1K',
1934 silly reify   '/Users/user/Documents/afrovision/web/node_modules/@next/swc-win32-arm64-msvc': '/Users/user/Documents/afrovision/web/node_modules/@next/.swc-win32-arm64-msvc-BaKnCotB',
1934 silly reify   '/Users/user/Documents/afrovision/web/node_modules/@next/swc-win32-x64-msvc': '/Users/user/Documents/afrovision/web/node_modules/@next/.swc-win32-x64-msvc-gnCpGPua',
1934 silly reify   '/Users/user/Documents/afrovision/web/node_modules/@nodelib/fs.scandir': '/Users/user/Documents/afrovision/web/node_modules/@nodelib/.fs.scandir-EOtIWQb6',
1934 silly reify   '/Users/user/Documents/afrovision/web/node_modules/@nodelib/fs.stat': '/Users/user/Documents/afrovision/web/node_modules/@nodelib/.fs.stat-EmSwV2HI',
1934 silly reify   '/Users/user/Documents/afrovision/web/node_modules/@nodelib/fs.walk': '/Users/user/Documents/afrovision/web/node_modules/@nodelib/.fs.walk-IfakOxBp',
1934 silly reify   '/Users/user/Documents/afrovision/web/node_modules/@nolyfill/is-core-module': '/Users/user/Documents/afrovision/web/node_modules/@nolyfill/.is-core-module-EtXcJa63',
1934 silly reify   '/Users/user/Documents/afrovision/web/node_modules/@rtsao/scc': '/Users/user/Documents/afrovision/web/node_modules/@rtsao/.scc-SjQqe0Un',
1934 silly reify   '/Users/user/Documents/afrovision/web/node_modules/@rushstack/eslint-patch': '/Users/user/Documents/afrovision/web/node_modules/@rushstack/.eslint-patch-GNn8Rz2K',
1934 silly reify   '/Users/user/Documents/afrovision/web/node_modules/@swc/counter': '/Users/user/Documents/afrovision/web/node_modules/@swc/.counter-lfemleAd',
1934 silly reify   '/Users/user/Documents/afrovision/web/node_modules/@swc/helpers': '/Users/user/Documents/afrovision/web/node_modules/@swc/.helpers-GblbQY6p',
1934 silly reify   '/Users/user/Documents/afrovision/web/node_modules/@tybys/wasm-util': '/Users/user/Documents/afrovision/web/node_modules/@tybys/.wasm-util-fhxaFgYk',
1934 silly reify   '/Users/user/Documents/afrovision/web/node_modules/@types/estree': '/Users/user/Documents/afrovision/web/node_modules/@types/.estree-Vy83HmrV',
1934 silly reify   '/Users/user/Documents/afrovision/web/node_modules/@types/json-schema': '/Users/user/Documents/afrovision/web/node_modules/@types/.json-schema-DQOGpWyj',
1934 silly reify   '/Users/user/Documents/afrovision/web/node_modules/@typescript-eslint/eslint-plugin': '/Users/user/Documents/afrovision/web/node_modules/@typescript-eslint/.eslint-plugin-aZqKp04o',
1934 silly reify   '/Users/user/Documents/afrovision/web/node_modules/@typescript-eslint/parser': '/Users/user/Documents/afrovision/web/node_modules/@typescript-eslint/.parser-JTdKVGpJ',
1934 silly reify   '/Users/user/Documents/afrovision/web/node_modules/@typescript-eslint/project-service': '/Users/user/Documents/afrovision/web/node_modules/@typescript-eslint/.project-service-iSxOrYPs',
1934 silly reify   '/Users/user/Documents/afrovision/web/node_modules/@typescript-eslint/scope-manager': '/Users/user/Documents/afrovision/web/node_modules/@typescript-eslint/.scope-manager-GXHsvRqd',
1934 silly reify   '/Users/user/Documents/afrovision/web/node_modules/@typescript-eslint/tsconfig-utils': '/Users/user/Documents/afrovision/web/node_modules/@typescript-eslint/.tsconfig-utils-hvKgnKAX',
1934 silly reify   '/Users/user/Documents/afrovision/web/node_modules/@typescript-eslint/type-utils': '/Users/user/Documents/afrovision/web/node_modules/@typescript-eslint/.type-utils-RlbablDZ',
1934 silly reify   '/Users/user/Documents/afrovision/web/node_modules/@typescript-eslint/types': '/Users/user/Documents/afrovision/web/node_modules/@typescript-eslint/.types-k83fzRF7',
1934 silly reify   '/Users/user/Documents/afrovision/web/node_modules/@typescript-eslint/typescript-estree': '/Users/user/Documents/afrovision/web/node_modules/@typescript-eslint/.typescript-estree-VvaT1K4h',
1934 silly reify   '/Users/user/Documents/afrovision/web/node_modules/@typescript-eslint/utils': '/Users/user/Documents/afrovision/web/node_modules/@typescript-eslint/.utils-f4ZOHzIy',
1934 silly reify   '/Users/user/Documents/afrovision/web/node_modules/@typescript-eslint/visitor-keys': '/Users/user/Documents/afrovision/web/node_modules/@typescript-eslint/.visitor-keys-YbhIyhzQ',
1934 silly reify   '/Users/user/Documents/afrovision/web/node_modules/@unrs/resolver-binding-android-arm-eabi': '/Users/user/Documents/afrovision/web/node_modules/@unrs/.resolver-binding-android-arm-eabi-Q4HzVmqc',
1934 silly reify   '/Users/user/Documents/afrovision/web/node_modules/@unrs/resolver-binding-android-arm64': '/Users/user/Documents/afrovision/web/node_modules/@unrs/.resolver-binding-android-arm64-qhdxW82c',
1934 silly reify   '/Users/user/Documents/afrovision/web/node_modules/@unrs/resolver-binding-darwin-arm64': '/Users/user/Documents/afrovision/web/node_modules/@unrs/.resolver-binding-darwin-arm64-03fR4zoz',
1934 silly reify   '/Users/user/Documents/afrovision/web/node_modules/@unrs/resolver-binding-freebsd-x64': '/Users/user/Documents/afrovision/web/node_modules/@unrs/.resolver-binding-freebsd-x64-aUqOeXrY',
1934 silly reify   '/Users/user/Documents/afrovision/web/node_modules/@unrs/resolver-binding-linux-arm-gnueabihf': '/Users/user/Documents/afrovision/web/node_modules/@unrs/.resolver-binding-linux-arm-gnueabihf-tZWDt32Z',
1934 silly reify   '/Users/user/Documents/afrovision/web/node_modules/@unrs/resolver-binding-linux-arm-musleabihf': '/Users/user/Documents/afrovision/web/node_modules/@unrs/.resolver-binding-linux-arm-musleabihf-j5fzFHFk',
1934 silly reify   '/Users/user/Documents/afrovision/web/node_modules/@unrs/resolver-binding-linux-arm64-gnu': '/Users/user/Documents/afrovision/web/node_modules/@unrs/.resolver-binding-linux-arm64-gnu-wiz8zB7X',
1934 silly reify   '/Users/user/Documents/afrovision/web/node_modules/@unrs/resolver-binding-linux-arm64-musl': '/Users/user/Documents/afrovision/web/node_modules/@unrs/.resolver-binding-linux-arm64-musl-pvMGZhNI',
1934 silly reify   '/Users/user/Documents/afrovision/web/node_modules/@unrs/resolver-binding-linux-ppc64-gnu': '/Users/user/Documents/afrovision/web/node_modules/@unrs/.resolver-binding-linux-ppc64-gnu-D61DUGQY',
1934 silly reify   '/Users/user/Documents/afrovision/web/node_modules/@unrs/resolver-binding-linux-riscv64-gnu': '/Users/user/Documents/afrovision/web/node_modules/@unrs/.resolver-binding-linux-riscv64-gnu-eN2KJtMs',
1934 silly reify   '/Users/user/Documents/afrovision/web/node_modules/@unrs/resolver-binding-linux-riscv64-musl': '/Users/user/Documents/afrovision/web/node_modules/@unrs/.resolver-binding-linux-riscv64-musl-B0CSb5OF',
1934 silly reify   '/Users/user/Documents/afrovision/web/node_modules/@unrs/resolver-binding-linux-s390x-gnu': '/Users/user/Documents/afrovision/web/node_modules/@unrs/.resolver-binding-linux-s390x-gnu-4TNxpWO1',
1934 silly reify   '/Users/user/Documents/afrovision/web/node_modules/@unrs/resolver-binding-linux-x64-gnu': '/Users/user/Documents/afrovision/web/node_modules/@unrs/.resolver-binding-linux-x64-gnu-TK5xXszQ',
1934 silly reify   '/Users/user/Documents/afrovision/web/node_modules/@unrs/resolver-binding-linux-x64-musl': '/Users/user/Documents/afrovision/web/node_modules/@unrs/.resolver-binding-linux-x64-musl-5LlIZALH',
1934 silly reify   '/Users/user/Documents/afrovision/web/node_modules/@unrs/resolver-binding-wasm32-wasi': '/Users/user/Documents/afrovision/web/node_modules/@unrs/.resolver-binding-wasm32-wasi-9bbBcUHX',
1934 silly reify   '/Users/user/Documents/afrovision/web/node_modules/@unrs/resolver-binding-win32-arm64-msvc': '/Users/user/Documents/afrovision/web/node_modules/@unrs/.resolver-binding-win32-arm64-msvc-nxlfi02b',
1934 silly reify   '/Users/user/Documents/afrovision/web/node_modules/@unrs/resolver-binding-win32-ia32-msvc': '/Users/user/Documents/afrovision/web/node_modules/@unrs/.resolver-binding-win32-ia32-msvc-aBlBYo4U',
1934 silly reify   '/Users/user/Documents/afrovision/web/node_modules/@unrs/resolver-binding-win32-x64-msvc': '/Users/user/Documents/afrovision/web/node_modules/@unrs/.resolver-binding-win32-x64-msvc-Uc0rmieY',
1934 silly reify   '/Users/user/Documents/afrovision/web/node_modules/for-each': '/Users/user/Documents/afrovision/web/node_modules/.for-each-2GF7jFY3',
1934 silly reify   '/Users/user/Documents/afrovision/web/node_modules/loose-envify': '/Users/user/Documents/afrovision/web/node_modules/.loose-envify-15lSsfNx',
1934 silly reify   '/Users/user/Documents/afrovision/web/node_modules/.bin/loose-envify': '/Users/user/Documents/afrovision/web/node_modules/.bin/.loose-envify-RQTgxaxK'
1934 silly reify }
1935 verbose stack Error: ENOTEMPTY: directory not empty, rename '/Users/user/Documents/afrovision/web/node_modules/eslint' -> '/Users/user/Documents/afrovision/web/node_modules/.eslint-tyJ7v5vH'
1935 verbose stack     at async Object.rename (node:internal/fs/promises:783:10)
1935 verbose stack     at async moveFile (/usr/local/lib/node_modules/npm/node_modules/@npmcli/fs/lib/move-file.js:30:5)
1935 verbose stack     at async Promise.allSettled (index 36)
1935 verbose stack     at async [reifyPackages] (/usr/local/lib/node_modules/npm/node_modules/@npmcli/arborist/lib/arborist/reify.js:325:11)
1935 verbose stack     at async Arborist.reify (/usr/local/lib/node_modules/npm/node_modules/@npmcli/arborist/lib/arborist/reify.js:142:5)
1935 verbose stack     at async Install.exec (/usr/local/lib/node_modules/npm/lib/commands/install.js:149:5)
1935 verbose stack     at async Npm.exec (/usr/local/lib/node_modules/npm/lib/npm.js:207:9)
1935 verbose stack     at async module.exports (/usr/local/lib/node_modules/npm/lib/cli/entry.js:67:5)
1936 error code ENOTEMPTY
1937 error syscall rename
1938 error path /Users/user/Documents/afrovision/web/node_modules/eslint
1939 error dest /Users/user/Documents/afrovision/web/node_modules/.eslint-tyJ7v5vH
1940 error errno -66
1941 error ENOTEMPTY: directory not empty, rename '/Users/user/Documents/afrovision/web/node_modules/eslint' -> '/Users/user/Documents/afrovision/web/node_modules/.eslint-tyJ7v5vH'
1942 silly unfinished npm timer reify 1775014069204
1943 silly unfinished npm timer reify:retireShallow 1775014184983
1944 verbose cwd /Users/user/Documents/afrovision/web
1945 verbose os Darwin 22.6.0
1946 verbose node v22.14.0
1947 verbose npm  v11.1.0
1948 verbose exit -66
1949 verbose code -66
1950 error A complete log of this run can be found in: /Users/user/Documents/afrovision/web/.npm-cache/_logs/2026-04-01T03_27_40_827Z-debug-0.log
